Names,position,injury type,year
Karl Anthony Towns,C,Calf,2022
Khris Middleton,SF,Knee,2022
Khris Middleton,SF,Wrist,2022
Lonzo Ball,PG,Knee,2022
Kevin Durant,SF,Ankle,2022
Kevin Durant,SF,Knee,2022
Stephen Curry,PG,Leg,2022
Stephen Curry,PG,Hip,2022
Stephen Curry,PG,Shoulder,2022
Stephen Curry,PG,Ankle,2022
Stephen Curry,PG,Elbow,2022
Ben Simmons,PG,Back,2022
Ben Simmons,PG,Knee,2022
Ben Simmons,PG,Calf,2022
LeBron James,PF,Foot,2022
LeBron James,PF,Ankle,2022
LeBron James,PF,Illness,2022
LeBron James,PF,Adductor,2022
Jonathan Isaac,PF,Adductor,2022
Jonathan Isaac,PF,Knee,2022
Jonathan Isaac,PF,Hamstring,2022
Brandon Ingram,SF,Ankle,2022
Brandon Ingram,SF,Toe,2022
Brandon Ingram,SF,Concussion,2022
Bradley Beal,SG,Knee,2022
Bradley Beal,SG,Foot,2022
Bradley Beal,SG,Hamstring,2022
Bradley Beal,SG,Quad,2022
Paul George,SG,Knee,2022
Paul George,SG,Hamstring,2022
Paul George,SG,Illness,2022
Gordon Hayward,SF,Thumb,2022
Gordon Hayward,SF,Hamstring,2022
Gordon Hayward,SF,Shoulder,2022
Kawhi Leonard,SF,Illness,2022
Kawhi Leonard,SF,Ankle,2022
Anthony Davis,C,Foot,2022
Anthony Davis,C,Illness,2022
Anthony Davis,C,Back,2022
Damian Lillard,PG,Calf,2022
Devin Booker,SG,Groin,2022
Devin Booker,SG,Hamstring,2022
Chet Holmgren,C,Foot,2022
Giannis Antetokounmpo,PF,Knee,2022
Giannis Antetokounmpo,PF,Illness,2022
Giannis Antetokounmpo,PF,Quad,2022
Cade Cunningham,PG,Shin,2022
Kyle Lowry,PG,Knee,2022
James Harden,SG,Achilles,2022
James Harden,SG,Foot,2022
Andrew Wiggins,SF,Illness,2022
Andrew Wiggins,SF,Foot,2022
Andrew Wiggins,SF,Adductor,2022
Steven Adams,C,Knee,2022
Steven Adams,C,Illness,2022
Steven Adams,C,Ankle,2022
Steven Adams,C,Hip,2022
Zion Williamson,PF,Hamstring,2022
Zion Williamson,PF,Ankle,2022
Zion Williamson,PF,Hip,2022
Jimmy Butler,SF,Hand,2022
Jimmy Butler,SF,Neck,2022
Jimmy Butler,SF,Back,2022
Jimmy Butler,SF,Ankle,2022
Jimmy Butler,SF,Illness,2022
Jimmy Butler,SF,Knee,2022
Jimmy Butler,SF,Hip,2022
Chris Paul,PG,Hip,2022
Chris Paul,PG,Heel,2022
Danilo Gallinari,PF,Knee ACL,2022
Marvin Bagley III,PF,Concussion,2022
Marvin Bagley III,PF,Ankle,2022
Marvin Bagley III,PF,Hand,2022
Marvin Bagley III,PF,Illness,2022
Marvin Bagley III,PF,Knee,2022
Cody Martin,SF,Knee,2022
Cody Martin,SF,Quad,2022
Collin Sexton,PG,Hamstring,2022
Collin Sexton,PG,Leg,2022
Danny Green,SF,Illness,2022
Danny Green,SF,Knee ACL,2022
Luka Doncic,PG,Thigh,2022
Luka Doncic,PG,Heel,2022
Luka Doncic,PG,Ankle,2022
Luka Doncic,PG,Quad,2022
Gary Payton II,PG,Abdominal,2022
Gary Payton II,PG,Illness,2022
Gary Payton II,PG,Hip,2022
Gary Payton II,PG,Ankle,2022
Michael Porter Jr.,SF,Heel,2022
Michael Porter Jr.,SF,Back,2022
Klay Thompson,SG,Back,2022
Klay Thompson,SG,Knee,2022
Klay Thompson,SG,Achilles,2022
Duncan Robinson,SF,Finger,2022
Duncan Robinson,SF,Ankle,2022
Duncan Robinson,SF,Hand,2022
Davis Bertans,PF,Calf,2022
Davis Bertans,PF,Illness,2022
Davis Bertans,PF,Knee,2022
Myles Turner,C,Back,2022
Myles Turner,C,Hamstring,2022
Myles Turner,C,Ankle,2022
Jaren Jackson Jr.,PF,Elbow,2022
Jaren Jackson Jr.,PF,Calf,2022
Jaren Jackson Jr.,PF,Thigh,2022
Jaren Jackson Jr.,PF,Foot,2022
Bogdan Bogdanovic,SG,Knee,2022
Bogdan Bogdanovic,SG,Back,2022
Bogdan Bogdanovic,SG,Quad,2022
Jusuf Nurkic,C,Concussion,2022
Jusuf Nurkic,C,Calf,2022
Jusuf Nurkic,C,Illness,2022
Jusuf Nurkic,C,Adductor,2022
Robert Williams III,C,Knee,2022
Robert Williams III,C,Hamstring,2022
Robert Williams III,C,Ankle,2022
Robert Williams III,C,Illness,2022
Otto Porter Jr.,SF,Foot,2022
Otto Porter Jr.,SF,Hamstring,2022
Daniel Theis,C,Thumb,2022
Daniel Theis,C,Knee,2022
Kristaps Porzingis,PF,Illness,2022
Kristaps Porzingis,PF,Knee,2022
Kristaps Porzingis,PF,Ankle,2022
Kristaps Porzingis,PF,Ribs,2022
Kristaps Porzingis,PF,Back,2022
Kristaps Porzingis,PF,Groin,2022
Joel Embiid,C,Calf,2022
Joel Embiid,C,Foot,2022
Joel Embiid,C,Illness,2022
Joel Embiid,C,Knee,2022
Bojan Bogdanovic,SF,Achilles,2022
Bojan Bogdanovic,SF,Illness,2022
Bojan Bogdanovic,SF,Calf,2022
Bojan Bogdanovic,SF,Knee,2022
Kelly Oubre Jr.,SF,Shoulder,2022
Kelly Oubre Jr.,SF,Back,2022
Kelly Oubre Jr.,SF,Hand,2022
Jamal Murray,PG,Thumb,2022
Jamal Murray,PG,Knee,2022
Jamal Murray,PG,Ankle,2022
Al Horford,C,Back,2022
Al Horford,C,Knee,2022
Landry Shamet,SG,Foot,2022
Landry Shamet,SG,Hip,2022
Landry Shamet,SG,Achilles,2022
Landry Shamet,SG,Concussion,2022
Maxi Kleber,PF,Hamstring,2022
Maxi Kleber,PF,Foot,2022
Maxi Kleber,PF,Back,2022
Mitchell Robinson,C,Thumb,2022
Mitchell Robinson,C,Knee,2022
LaMelo Ball,PG,Ankle,2022
LaMelo Ball,PG,Wrist,2022
Gary Harris,SG,Adductor,2022
Gary Harris,SG,Hamstring,2022
Gary Harris,SG,Knee,2022
Norman Powell,SG,Shoulder,2022
Norman Powell,SG,Arm,2022
Norman Powell,SG,Groin,2022
Anfernee Simons,SG,Foot,2022
Anfernee Simons,SG,Ankle,2022
Pascal Siakam,PF,Adductor,2022
Pascal Siakam,PF,Groin,2022
Deandre Ayton,C,Hip,2022
Deandre Ayton,C,Illness,2022
Deandre Ayton,C,Ankle,2022
D'Angelo Russell,PG,Foot,2022
D'Angelo Russell,PG,Hip,2022
D'Angelo Russell,PG,Ankle,2022
D'Angelo Russell,PG,Illness,2022
D'Angelo Russell,PG,Knee,2022
Terry Rozier,PG,Foot,2022
Terry Rozier,PG,Hand,2022
Terry Rozier,PG,Hip,2022
Terry Rozier,PG,Ankle,2022
Jalen Brunson,PG,Hand,2022
Jalen Brunson,PG,Foot,2022
Jalen Brunson,PG,Illness,2022
Jalen Brunson,PG,Hip,2022
Jrue Holiday,PG,Neck,2022
Jrue Holiday,PG,Illness,2022
Jrue Holiday,PG,Knee,2022
Jrue Holiday,PG,Ankle,2022
Donovan Mitchell,SG,Finger,2022
Donovan Mitchell,SG,Groin,2022
Donovan Mitchell,SG,Leg,2022
Donovan Mitchell,SG,Ankle,2022
Markelle Fultz,PG,Knee,2022
Markelle Fultz,PG,Toe,2022
Marcus Smart,PG,Neck,2022
Marcus Smart,PG,Hip,2022
Marcus Smart,PG,Ankle,2022
Marcus Smart,PG,Knee,2022
Marcus Smart,PG,Illness,2022
Kyrie Irving,PG,Foot,2022
Kyrie Irving,PG,Back,2022
Kyrie Irving,PG,Calf,2022
Kyrie Irving,PG,Adductor,2022
Jerami Grant,PF,Quad,2022
Jerami Grant,PF,Concussion,2022
Jerami Grant,PF,Back,2022
Jerami Grant,PF,Ankle,2022
Trae Young,PG,Groin,2022
Trae Young,PG,Illness,2022
Trae Young,PG,Ankle,2022
Trae Young,PG,Calf,2022
Trae Young,PG,Back,2022
Trae Young,PG,Shoulder,2022
Trae Young,PG,Shin,2022
Wendell Carter Jr.,C,Knee,2022
Wendell Carter Jr.,C,Hip,2022
Wendell Carter Jr.,C,Foot,2022
Jae’Sean Tate,SF,Knee,2022
Jae’Sean Tate,SF,Ankle,2022
Rudy Gobert,C,Illness,2022
Rudy Gobert,C,Groin,2022
Rudy Gobert,C,Ankle,2022
Victor Oladipo,SG,Ankle,2022
Victor Oladipo,SG,Knee,2022
Nikola Jokic,C,Calf,2022
Nikola Jokic,C,Hamstring,2022
Nikola Jokic,C,Wrist,2022
Jaylen Brown,SF,Finger,2022
Jaylen Brown,SF,Back,2022
Jaylen Brown,SF,Face,2022
Jaylen Brown,SF,Illness,2022
Jaylen Brown,SF,Adductor,2022
Jaylen Brown,SF,Knee,2022
Aaron Gordon,PF,Shoulder,2022
Aaron Gordon,PF,Ribs,2022
Aaron Gordon,PF,Ankle,2022
Aaron Gordon,PF,Illness,2022
Luke Kennard,SG,Ankle,2022
Luke Kennard,SG,Illness,2022
Luke Kennard,SG,Calf,2022
Luke Kennard,SG,Chest,2022
Jarrett Allen,C,Groin,2022
Jarrett Allen,C,Eye,2022
Jarrett Allen,C,Back,2022
Jarrett Allen,C,Ankle,2022
Gary Trent Jr.,SG,Elbow,2022
Gary Trent Jr.,SG,Calf,2022
Gary Trent Jr.,SG,Quad,2022
Gary Trent Jr.,SG,Hip,2022
Alec Burks,SG,Foot,2022
Clint Capela,C,Calf,2022
Clint Capela,C,Achilles,2022
Clint Capela,C,Mouth,2022
Kevin Love,C,Ribs,2022
Kevin Love,C,Knee,2022
Kevin Love,C,Back,2022
Kevin Love,C,Thumb,2022
Jordan Clarkson,SG,Hand,2022
Jordan Clarkson,SG,Thumb,2022
Jordan Clarkson,SG,Illness,2022
Jordan Clarkson,SG,Hip,2022
Shai Gilgeous Alexander,PG,Ankle,2022
Shai Gilgeous Alexander,PG,Illness,2022
Shai Gilgeous Alexander,PG,Back,2022
Shai Gilgeous Alexander,PG,Hip,2022
OG Anunoby,SF,Ankle,2022
OG Anunoby,SF,Wrist,2022
OG Anunoby,SF,Hip,2022
Ricky Rubio,PG,Illness,2022
Ricky Rubio,PG,Knee,2022
Malcolm Brogdon,PG,Back,2022
Malcolm Brogdon,PG,Achilles,2022
Malcolm Brogdon,PG,Ankle,2022
Malcolm Brogdon,PG,Illness,2022
Malcolm Brogdon,PG,Hamstring,2022
John Collins,PF,Back,2022
John Collins,PF,Concussion,2022
John Collins,PF,Hip,2022
John Collins,PF,Ankle,2022
De'Aaron Fox,PG,Ankle,2022
De'Aaron Fox,PG,Hamstring,2022
De'Aaron Fox,PG,Wrist,2022
De'Aaron Fox,PG,Foot,2022
De'Aaron Fox,PG,Knee,2022
Khem Birch,C,Knee,2022
Khem Birch,C,Illness,2022
Dylan Windler,SF,Foot,2022
Dylan Windler,SF,Ankle,2022
Tobias Harris,PF,Illness,2022
Tobias Harris,PF,Calf,2022
Tobias Harris,PF,Knee,2022
Tobias Harris,PF,Back,2022
Tobias Harris,PF,Hip,2022
Delon Wright,PG,Illness,2022
Delon Wright,PG,Hamstring,2022
Delon Wright,PG,Knee,2022
Justise Winslow,SF,Ankle,2022
Justise Winslow,SF,Illness,2022
Draymond Green,PF,Knee,2022
Draymond Green,PF,Foot,2022
Draymond Green,PF,Toe,2022
Draymond Green,PF,Quad,2022
Draymond Green,PF,Hip,2022
Draymond Green,PF,Back,2022
Lauri Markkanen,PF,Hand,2022
Lauri Markkanen,PF,Back,2022
Lauri Markkanen,PF,Knee,2022
Lauri Markkanen,PF,Hip,2022
Lauri Markkanen,PF,Illness,2022
Bam Adebayo,C,Quad,2022
Bam Adebayo,C,Hip,2022
Bam Adebayo,C,Wrist,2022
Bam Adebayo,C,Illness,2022
Bam Adebayo,C,Knee,2022
Cameron Johnson,SF,Knee,2022
Andre Iguodala,SF,Wrist,2022
Andre Iguodala,SF,Hip,2022
Marcus Morris Sr.,SF,Back,2022
Marcus Morris Sr.,SF,Illness,2022
Marcus Morris Sr.,SF,Elbow,2022
Marcus Morris Sr.,SF,Ribs,2022
Marcus Morris Sr.,SF,Knee,2022
Doug McDermott,SF,Ankle,2022
Doug McDermott,SF,Adductor,2022
Doug McDermott,SF,Thumb,2022
Doug McDermott,SF,Achilles,2022
Doug McDermott,SF,Back,2022
Doug McDermott,SF,Knee,2022
Doug McDermott,SF,Calf,2022
Kyle Kuzma,PF,Ankle,2022
Kyle Kuzma,PF,Knee,2022
Joe Ingles,SF,Knee ACL,2022
Tim Hardaway Jr.,SG,Ankle,2022
Tim Hardaway Jr.,SG,Illness,2022
Tim Hardaway Jr.,SG,Calf,2022
Tim Hardaway Jr.,SG,Hamstring,2022
Tim Hardaway Jr.,SG,Foot,2022
DeMar DeRozan,SF,Quad,2022
DeMar DeRozan,SF,Thigh,2022
DeMar DeRozan,SF,Hip,2022
Mike Conley,PG,Leg,2022
Jalen Suggs,SG,Concussion,2022
Jalen Suggs,SG,Ankle,2022
Cameron Payne,PG,Back,2022
Cameron Payne,PG,Foot,2022
Dorian Finney Smith,PF,Wrist,2022
Dorian Finney Smith,PF,Adductor,2022
Mohamed Bamba,C,Ankle,2022
Mohamed Bamba,C,Back,2022
Devin Vassell,SG,Knee,2022
Devin Vassell,SG,Ankle,2022
Kelly Olynyk,PF,Illness,2022
Kelly Olynyk,PF,Ankle,2022
Monte Morris,PG,Ankle,2022
Monte Morris,PG,Groin,2022
Monte Morris,PG,Back,2022
Monte Morris,PG,Hamstring,2022
Taurean Prince,PF,Illness,2022
Taurean Prince,PF,Ankle,2022
Taurean Prince,PF,Shoulder,2022
Christian Wood,C,Foot,2022
Christian Wood,C,Thumb,2022
Christian Wood,C,Ankle,2022
Christian Wood,C,Illness,2022
Christian Wood,C,Knee,2022
Romeo Langford,SG,Adductor,2022
Romeo Langford,SG,Ankle,2022
Romeo Langford,SG,Toe,2022
Fred VanVleet,PG,Thumb,2022
Fred VanVleet,PG,Ribs,2022
Fred VanVleet,PG,Back,2022
Fred VanVleet,PG,Illness,2022
Jayson Tatum,PF,Hip,2022
Jayson Tatum,PF,Knee,2022
Jayson Tatum,PF,Illness,2022
Jayson Tatum,PF,Wrist,2022
Jayson Tatum,PF,Ankle,2022
Larry Nance Jr.,PF,Leg,2022
Larry Nance Jr.,PF,Groin,2022
Larry Nance Jr.,PF,Shoulder,2022
Larry Nance Jr.,PF,Neck,2022
Larry Nance Jr.,PF,Achilles,2022
Larry Nance Jr.,PF,Knee,2022
Ziaire Williams,SF,Foot,2022
Ziaire Williams,SF,Knee,2022
Aleksej Pokusevski,PF,Knee,2022
Aleksej Pokusevski,PF,Leg,2022
Aleksej Pokusevski,PF,Ankle,2022
Aleksej Pokusevski,PF,Shoulder,2022
Derrick Rose,PG,Illness,2022
Derrick Rose,PG,Knee,2022
Derrick Rose,PG,Toe,2022
Joe Harris,SG,Knee,2022
Joe Harris,SG,Ankle,2022
De'Andre Hunter,SF,Knee,2022
De'Andre Hunter,SF,Illness,2022
De'Andre Hunter,SF,Ankle,2022
De'Andre Hunter,SF,Hip,2022
Eric Gordon,SG,Hip,2022
Eric Gordon,SG,Knee,2022
Eric Gordon,SG,Thumb,2022
Josh Richardson,SG,Knee,2022
Josh Richardson,SG,Ankle,2022
Josh Richardson,SG,Back,2022
Russell Westbrook,PG,Foot,2022
Russell Westbrook,PG,Hamstring,2022
Caris LeVert,SG,Knee,2022
Caris LeVert,SG,Hamstring,2022
Caris LeVert,SG,Ankle,2022
Zach Collins,C,Finger,2022
Zach Collins,C,Biceps,2022
Zach Collins,C,Ankle,2022
Zach Collins,C,Heel,2022
Seth Curry,SG,Ankle,2022
Seth Curry,SG,Adductor,2022
Seth Curry,SG,Knee,2022
Seth Curry,SG,Illness,2022
Pat Connaughton,SG,Ankle,2022
Pat Connaughton,SG,Calf,2022
Ja Morant,PG,Hand,2022
Ja Morant,PG,Hip,2022
Ja Morant,PG,Thigh,2022
Ja Morant,PG,Wrist,2022
Ja Morant,PG,Ankle,2022
Ja Morant,PG,Illness,2022
Chris Duarte,SF,Ankle,2022
Dewayne Dedmon,C,Hip,2022
Dewayne Dedmon,C,Foot,2022
Alex Caruso,SG,Foot,2022
Alex Caruso,SG,Illness,2022
Alex Caruso,SG,Ankle,2022
Alex Caruso,SG,Concussion,2022
Alex Caruso,SG,Back,2022
Bobby Portis,PF,Knee,2022
Rudy Gay,PF,Back,2022
Rudy Gay,PF,Illness,2022
Rudy Gay,PF,Finger,2022
Luguentz Dort,SG,Hamstring,2022
Luguentz Dort,SG,Knee,2022
James Wiseman,C,Ankle,2022
John Wall,PG,Abdominal,2022
John Wall,PG,Ankle,2022
John Wall,PG,Knee,2022
Chuma Okeke,PF,Knee,2022
Jeremy Sochan,PF,Knee,2022
Jeremy Sochan,PF,Quad,2022
Jeremy Sochan,PF,Back,2022
Jeremy Sochan,PF,Illness,2022
Dejounte Murray,PG,Ankle,2022
Dejounte Murray,PG,Illness,2022
Darius Garland,PG,Hip,2022
Darius Garland,PG,Quad,2022
Darius Garland,PG,Thumb,2022
Darius Garland,PG,Knee,2022
Darius Garland,PG,Eye,2022
Julius Randle,PF,Ankle,2022
Omer Yurtseven,C,Ankle,2022
C.J. McCollum,SG,Thumb,2022
C.J. McCollum,SG,Illness,2022
C.J. McCollum,SG,Ankle,2022
Nassir Little,SF,Ankle,2022
Nassir Little,SF,Concussion,2022
Nassir Little,SF,Illness,2022
Nassir Little,SF,Hip,2022
Lonnie Walker IV,SG,Knee,2022
Lonnie Walker IV,SG,Tailbone,2022
Lonnie Walker IV,SG,Foot,2022
Lonnie Walker IV,SG,Illness,2022
Paolo Banchero,PF,Back,2022
Paolo Banchero,PF,Ankle,2022
Kyle Anderson,PF,Back,2022
Kyle Anderson,PF,Illness,2022
R.J. Barrett,SG,Illness,2022
R.J. Barrett,SG,Finger,2022
Brandon Clarke,PF,Achilles,2022
Brandon Clarke,PF,Hip,2022
Nikola Jovic,SF,Back,2022
Nikola Jovic,SF,Undisclosed,2022
Nikola Jovic,SF,Foot,2022
Nikola Jovic,SF,Nose,2022
Tyrese Haliburton,PG,Ankle,2022
Tyrese Haliburton,PG,Knee,2022
Tyrese Haliburton,PG,Calf,2022
Tyrese Haliburton,PG,Elbow,2022
Tyrese Haliburton,PG,Groin,2022
Dyson Daniels,PG,Ankle,2022
Dyson Daniels,PG,Illness,2022
Jakob Poeltl,C,Undisclosed,2022
Jakob Poeltl,C,Knee,2022
Isaiah Stewart,C,Hip,2022
Isaiah Stewart,C,Shoulder,2022
Isaiah Stewart,C,Toe,2022
Rui Hachimura,PF,Ankle,2022
Hamidou Diallo,SG,Ankle,2022
Hamidou Diallo,SG,Illness,2022
Kevin Huerter,SG,Knee,2022
Kevin Huerter,SG,Hamstring,2022
Kevin Huerter,SG,Illness,2022
Kevin Huerter,SG,Ankle,2022
Zach LaVine,SG,Knee,2022
Jeff Green,PF,Face,2022
Jeff Green,PF,Hand,2022
Jeff Green,PF,Knee,2022
Javonte Green,SG,Knee,2022
Kira Lewis Jr.,PG,Knee,2022
Kentavious Caldwell Pope,SG,Illness,2022
Kentavious Caldwell Pope,SG,Ankle,2022
Kentavious Caldwell Pope,SG,Wrist,2022
Kevin Porter Jr.,PG,Knee,2022
Kevin Porter Jr.,PG,Thigh,2022
Kevin Porter Jr.,PG,Foot,2022
Kevin Porter Jr.,PG,Back,2022
Tyler Herro,SG,Quad,2022
Tyler Herro,SG,Knee,2022
Tyler Herro,SG,Achilles,2022
Tyler Herro,SG,Back,2022
Tyler Herro,SG,Ankle,2022
Ousmane Dieng,SF,Wrist,2022
Mark Williams,C,Ankle,2022
Mark Williams,C,Thumb,2022
Jordan McLaughlin,PG,Illness,2022
Jordan McLaughlin,PG,Calf,2022
Jordan McLaughlin,PG,Heel,2022
Precious Achiuwa,PF,Hamstring,2022
Precious Achiuwa,PF,Ankle,2022
Obi Toppin,PF,Knee,2022
T.J. Warren,SF,Illness,2022
T.J. Warren,SF,Shin,2022
T.J. Warren,SF,Knee,2022
Grayson Allen,SG,Ankle,2022
Grayson Allen,SG,Foot,2022
Jonathan Kuminga,PF,Ankle,2022
Jonathan Kuminga,PF,Foot,2022
Jonathan Kuminga,PF,Illness,2022
Patrick Beverley,PG,Knee,2022
Patrick Beverley,PG,Hip,2022
Patrick Beverley,PG,Calf,2022
Patrick Beverley,PG,Illness,2022
Cole Anthony,PG,Wrist,2022
Cole Anthony,PG,Oblique,2022
Cole Anthony,PG,Illness,2022
Jalen Duren,C,Neck,2022
Jalen Duren,C,Ankle,2022
Caleb Martin,SF,Knee,2022
Caleb Martin,SF,Quad,2022
Caleb Martin,SF,Ankle,2022
Richaun Holmes,C,Illness,2022
Ivica Zubac,C,Foot,2022
Ivica Zubac,C,Calf,2022
Ivica Zubac,C,Knee,2022
Blake Wesley,SG,Knee,2022
Keon Johnson,SG,Finger,2022
Keon Johnson,SG,Ankle,2022
Keon Johnson,SG,Illness,2022
Keon Johnson,SG,Hip,2022
Zeke Nnaji,PF,Knee,2022
Zeke Nnaji,PF,Shoulder,2022
Zeke Nnaji,PF,Ankle,2022
Coby White,PG,Quad,2022
Dennis Smith Jr.,PG,Toe,2022
Dennis Smith Jr.,PG,Ankle,2022
Will Barton,SG,Ankle,2022
Will Barton,SG,Illness,2022
Will Barton,SG,Back,2022
Will Barton,SG,Foot,2022
Dean Wade,PF,Illness,2022
Dean Wade,PF,Shoulder,2022
Dean Wade,PF,Knee,2022
Tyrese Maxey,PG,Neck,2022
Tyrese Maxey,PG,Foot,2022
Jae Crowder,SF,Calf,2022
Josh Green,SG,Elbow,2022
Cory Joseph,PG,Illness,2022
Cory Joseph,PG,Back,2022
Cory Joseph,PG,Knee,2022
Cory Joseph,PG,Hip,2022
Goran Dragic,PG,Knee,2022
Goran Dragic,PG,Illness,2022
Goran Dragic,PG,Ankle,2022
Goran Dragic,PG,Back,2022
Jake LaRavia,PF,Calf,2022
Jake LaRavia,PF,Back,2022
Jake LaRavia,PF,Ankle,2022
Jake LaRavia,PF,Foot,2022
Jake LaRavia,PF,Illness,2022
Devonte' Graham,PG,Adductor,2022
Devonte' Graham,PG,Quad,2022
P.J. Tucker,PF,Calf,2022
P.J. Tucker,PF,Ankle,2022
P.J. Tucker,PF,Back,2022
P.J. Tucker,PF,Illness,2022
Chris Boucher,PF,Illness,2022
Chris Boucher,PF,Hamstring,2022
Keldon Johnson,SG,Foot,2022
Keldon Johnson,SG,Neck,2022
Keldon Johnson,SG,Ankle,2022
Keldon Johnson,SG,Hamstring,2022
Keldon Johnson,SG,Back,2022
Keldon Johnson,SG,Calf,2022
Desmond Bane,SG,Knee,2022
Desmond Bane,SG,Foot,2022
Desmond Bane,SG,Toe,2022
Desmond Bane,SG,Ankle,2022
Udonis Haslem,PF,Achilles,2022
Bruno Fernando,C,Illness,2022
Bruno Fernando,C,Knee,2022
Ishmael Smith,PG,Calf,2022
Jalen Green,SG,Groin,2022
Jalen Green,SG,Calf,2022
Jonas Valanciunas,C,Calf,2022
Jonas Valanciunas,C,Knee,2022
Dillon Brooks,SF,Groin,2022
Dillon Brooks,SF,Hip,2022
Dillon Brooks,SF,Ankle,2022
Dillon Brooks,SF,Thigh,2022
Kenrich Williams,PF,Wrist,2022
Kenrich Williams,PF,Knee,2022
Nerlens Noel,C,Foot,2022
Nerlens Noel,C,Knee,2022
Cam Reddish,SF,Back,2022
Cam Reddish,SF,Groin,2022
Jeremiah Robinson Earl,PF,Ankle,2022
Donte DiVincenzo,SG,Illness,2022
Donte DiVincenzo,SG,Hamstring,2022
Nicolas Batum,SF,Back,2022
Nicolas Batum,SF,Ankle,2022
T.J. McConnell,PG,Hip,2022
T.J. McConnell,PG,Back,2022
T.J. McConnell,PG,Illness,2022
T.J. McConnell,PG,Knee,2022
PJ Washington,PF,Foot,2022
Domantas Sabonis,PF,Ankle,2022
Domantas Sabonis,PF,Illness,2022
Domantas Sabonis,PF,Thumb,2022
Reggie Jackson,PG,Oblique,2022
Reggie Jackson,PG,Achilles,2022
Talen Horton Tucker,SG,Ankle,2022
Isaiah Livers,SF,Ankle,2022
Isaiah Livers,SF,Hip,2022
Isaiah Livers,SF,Shoulder,2022
Isaac Okoro,SG,Knee,2022
Austin Rivers,SG,Illness,2022
Austin Rivers,SG,Back,2022
Austin Rivers,SG,Neck,2022
Austin Rivers,SG,Knee,2022
Austin Rivers,SG,Hip,2022
Furkan Korkmaz,SG,Shoulder,2022
Furkan Korkmaz,SG,Illness,2022
Furkan Korkmaz,SG,Knee,2022
Dennis Schröder,PG,Achilles,2022
Dennis Schröder,PG,Neck,2022
Dennis Schröder,PG,Thumb,2022
Robert Covington,PF,Illness,2022
Anthony Edwards,SG,Ankle,2022
Malik Monk,SG,Leg,2022
Malik Monk,SG,Ankle,2022
Scottie Barnes,PF,Wrist,2022
Scottie Barnes,PF,Knee,2022
Scottie Barnes,PF,Ankle,2022
Buddy Hield,SG,Illness,2022
JaMychal Green,PF,Leg,2022
JaMychal Green,PF,Illness,2022
KZ Okpala,SF,Knee,2022
Aaron Nesmith,SF,Hip,2022
Aaron Nesmith,SF,Illness,2022
Aaron Nesmith,SF,Ankle,2022
Aaron Nesmith,SF,Foot,2022
Josh Hart,SG,Hamstring,2022
Josh Hart,SG,Ankle,2022
JaVale McGee,C,Ankle,2022
JaVale McGee,C,Illness,2022
JaVale McGee,C,Neck,2022
Moritz Wagner,C,Ankle,2022
Moritz Wagner,C,Hamstring,2022
Cedi Osman,SF,Neck,2022
Cedi Osman,SF,Back,2022
De'Anthony Melton,SG,Calf,2022
De'Anthony Melton,SG,Back,2022
Darius Bazley,PF,Illness,2022
Darius Bazley,PF,Ankle,2022
Peyton Watson,SG,Adductor,2022
Peyton Watson,SG,Ankle,2022
Peyton Watson,SG,Hamstring,2022
Peyton Watson,SG,Illness,2022
Wesley Matthews,SG,Calf,2022
Wesley Matthews,SG,Hamstring,2022
Josh Giddey,SG,Illness,2022
Josh Giddey,SG,Ankle,2022
Ryan Arcidiacono,PG,Back,2022
Ryan Arcidiacono,PG,Ankle,2022
Thomas Bryant,C,Thumb,2022
Charles Bassey,C,Knee,2022
Royce O'Neale,SF,Knee,2022
Royce O'Neale,SF,Illness,2022
Jose Alvarado,PG,Leg,2022
Jose Alvarado,PG,Ribs,2022
Jaylen Nowell,SG,Knee,2022
Ryan Rollins,SG,Foot,2022
Juan Toscano Anderson,SF,Ankle,2022
Juan Toscano Anderson,SF,Back,2022
Tre Jones,PG,Hamstring,2022
Tre Jones,PG,Illness,2022
Tre Jones,PG,Foot,2022
Payton Pritchard,PG,Heel,2022
Payton Pritchard,PG,Thigh,2022
Jaden Ivey,SG,Knee,2022
Jaden Ivey,SG,Illness,2022
Austin Reaves,SG,Hamstring,2022
Austin Reaves,SG,Ankle,2022
Corey Kispert,SF,Ankle,2022
Jaden Springer,PG,Illness,2022
Jaden Springer,PG,Quad,2022
Frank Ntilikina,PG,Knee,2022
Frank Ntilikina,PG,Ankle,2022
Gabe Vincent,PG,Knee,2022
Deni Avdija,SF,Elbow,2022
Deni Avdija,SF,Back,2022
Herb Jones,SF,Back,2022
Herb Jones,SF,Ankle,2022
Herb Jones,SF,Knee,2022
Jabari Smith Jr.,PF,Ankle,2022
Jabari Smith Jr.,PF,Illness,2022
Bennedict Mathurin,SG,Ankle,2022
Trendon Watford,PF,Ankle,2022
Trendon Watford,PF,Hip,2022
Trendon Watford,PF,Knee,2022
Yuta Watanabe,SF,Back,2022
Yuta Watanabe,SF,Hamstring,2022
Yuta Watanabe,SF,Ankle,2022
TyTy Washington Jr.,PG,Illness,2022
TyTy Washington Jr.,PG,Knee,2022
Alperen Sengun,C,Illness,2022
Alperen Sengun,C,Groin,2022
Alperen Sengun,C,Back,2022
Reggie Bullock,SF,Quad,2022
Reggie Bullock,SF,Illness,2022
Taj Gibson,C,Glute,2022
Taj Gibson,C,Neck,2022
Danuel House Jr.,SF,Shoulder,2022
Danuel House Jr.,SF,Foot,2022
Danuel House Jr.,SF,Illness,2022
Simone Fontecchio,SF,Toe,2022
Simone Fontecchio,SF,Foot,2022
Simone Fontecchio,SF,Illness,2022
Simone Fontecchio,SF,Ankle,2022
Jalen Williams,SF,Wrist,2022
Jalen Williams,SF,Ankle,2022
Alex Len,C,Illness,2022
Nah'Shon Hyland,PG,Finger,2022
Nah'Shon Hyland,PG,Illness,2022
Nah'Shon Hyland,PG,Hip,2022
John Konchar,SG,Hip,2022
John Konchar,SG,Concussion,2022
John Konchar,SG,Illness,2022
John Konchar,SG,Toe,2022
John Konchar,SG,Shoulder,2022
Rodney McGruder,SG,Illness,2022
Rodney McGruder,SG,Ankle,2022
Tyus Jones,PG,Foot,2022
Derrick Jones Jr.,SF,Adductor,2022
Derrick Jones Jr.,SF,Ankle,2022
Jalen Johnson,SF,Hamstring,2022
Jalen Johnson,SF,Ankle,2022
Isaiah Roby,PF,Ankle,2022
Isaiah Roby,PF,Illness,2022
Naz Reid,C,Wrist,2022
Naz Reid,C,Calf,2022
Naz Reid,C,Back,2022
Naz Reid,C,Illness,2022
Dwight Powell,C,Thigh,2022
Bryn Forbes,SG,Ankle,2022
Bryn Forbes,SG,Illness,2022
Bryn Forbes,SG,Shoulder,2022
Mike Muscala,C,Finger,2022
Brook Lopez,C,Ankle,2022
Andre Drummond,C,Shoulder,2022
Quentin Grimes,SG,Ankle,2022
Quentin Grimes,SG,Foot,2022
Matisse Thybulle,SG,Knee,2022
Matisse Thybulle,SG,Ankle,2022
Johnny Davis,SG,Hip,2022
Johnny Davis,SG,Groin,2022
Serge Ibaka,C,Illness,2022
Markieff Morris,PF,Knee,2022
Markieff Morris,PF,Illness,2022
Brandon Boston Jr,SG,Tailbone,2022
Matthew Dellavedova,PG,Finger,2022
Matthew Dellavedova,PG,Illness,2022
Terence Davis,SG,Illness,2022
Terence Davis,SG,Back,2022
Evan Fournier,SG,Illness,2022
Walker Kessler,C,Concussion,2022
Walker Kessler,C,Illness,2022
Killian Hayes,PG,Hand,2022
Killian Hayes,PG,Shoulder,2022
Nicolas Claxton,C,Thumb,2022
Nicolas Claxton,C,Hamstring,2022
Evan Mobley,PF,Ankle,2022
Jalen Smith,PF,Knee,2022
Jalen Smith,PF,Hand,2022
Patty Mills,PG,Illness,2022
Keita Bates Diop,SF,Achilles,2022
Keita Bates Diop,SF,Ankle,2022
Keita Bates Diop,SF,Illness,2022
Keita Bates Diop,SF,Foot,2022
MarJon Beauchamp,SG,Wrist,2022
MarJon Beauchamp,SG,Illness,2022
James Johnson,PF,Elbow,2022
James Johnson,PF,Back,2022
George Hill,PG,Illness,2022
Jaxson Hayes,C,Elbow,2022
Vlatko Cancar,PF,Wrist,2022
Vlatko Cancar,PF,Illness,2022
Vlatko Cancar,PF,Leg,2022
Patrick Baldwin Jr.,SF,Ankle,2022
Patrick Baldwin Jr.,SF,Back,2022
Patrick Baldwin Jr.,SF,Thumb,2022
Terrence Ross,SF,Toe,2022
Terrence Ross,SF,Knee,2022
Torrey Craig,SF,Groin,2022
Troy Brown Jr.,SG,Quad,2022
Troy Brown Jr.,SG,Foot,2022
Troy Brown Jr.,SG,Back,2022
Raul Neto,PG,Hamstring,2022
Raul Neto,PG,Ankle,2022
Justin Champagnie,SF,Back,2022
Wenyen Gabriel,PF,Shoulder,2022
Georges Niang,PF,Knee,2022
Georges Niang,PF,Foot,2022
Shaedon Sharpe,SG,Knee,2022
Shaedon Sharpe,SG,Finger,2022
Keegan Murray,PF,Back,2022
Andrew Nembhard,PG,Illness,2022
Andrew Nembhard,PG,Knee,2022
James Bouknight,SG,Ankle,2022
Jarred Vanderbilt,PF,Back,2022
Jarred Vanderbilt,PF,Adductor,2022
Vernon Carey Jr.,C,Quad,2022
Vernon Carey Jr.,C,Concussion,2022
Tre Mann,PG,Back,2022
Saddiq Bey,SF,Ankle,2022
Juancho Hernangomez,PF,Ankle,2022
Malaki Branham,SG,Shoulder,2022
Malaki Branham,SG,Back,2022
Malaki Branham,SG,Ankle,2022
Garrison Mathews,SG,Toe,2022
Garrison Mathews,SG,Illness,2022
Lamar Stevens,SF,Knee,2022
Lamar Stevens,SF,Illness,2022
Udoka Azubuike,C,Ankle,2022
Bruce Brown Jr.,SG,Knee,2022
Bruce Brown Jr.,SG,Ankle,2022
Davion Mitchell,PG,Knee,2022
Davion Mitchell,PG,Illness,2022
Daniel Gafford,C,Ankle,2022
Daniel Gafford,C,Foot,2022
Daniel Gafford,C,Illness,2022
Trey Murphy III,SF,Illness,2022
Trey Murphy III,SF,Foot,2022
Goga Bitadze,C,Illness,2022
Santi Aldama,C,Elbow,2022
Santi Aldama,C,Ankle,2022
Santi Aldama,C,Illness,2022
Leandro Bolmaro,SG,Concussion,2022
Naji Marshall,SF,Toe,2022
Naji Marshall,SF,Illness,2022
Jaylin Williams,C,Ankle,2022
Jaylin Williams,C,Concussion,2022
Frank Kaminsky,C,Migraine,2022
Frank Kaminsky,C,Foot,2022
Kai Jones,PF,Ankle,2022
Robin Lopez,C,Illness,2022
Edmond Sumner,SG,Hip,2022
Edmond Sumner,SG,Glute,2022
Trey Lyles,PF,Shoulder,2022
Trey Lyles,PF,Illness,2022
Onyeka Okongwu,C,Hamstring,2022
Day'Ron Sharpe,C,Back,2022
Day'Ron Sharpe,C,Illness,2022
Marko Simonovic,C,Back,2022
Blake Griffin,C,Illness,2022
Jalen McDaniels,SF,Hip,2022
Cody Zeller,C,Nose,2022
Jaden McDaniels,PF,Illness,2022
Xavier Tillman,C,Ankle,2022
Xavier Tillman,C,Illness,2022
Josh Okogie,SG,Nose,2022
Josh Okogie,SG,Hip,2022
Drew Eubanks,C,Ankle,2022
Drew Eubanks,C,Hip,2022
Drew Eubanks,C,Back,2022
Dalen Terry,SG,Knee,2022
Isaiah Joe,SG,Illness,2022
Isaiah Joe,SG,Knee,2022
Nick Richards,C,Ankle,2022
Joshua Primo,SG,Undisclosed,2022
RJ Hampton,PG,Back,2022
RJ Hampton,PG,Illness,2022
Ayo Dosunmu,PG,Groin,2022
Ayo Dosunmu,PG,Back,2022
Isaiah Jackson,PF,Knee,2022
Isaiah Jackson,PF,Ankle,2022
Facundo Campazzo,PG,Illness,2022
Max Strus,SG,Shoulder,2022
Kennedy Chandler,PG,Illness,2022
Kennedy Chandler,PG,Face,2022
Kennedy Chandler,PG,Nose,2022
Meyers Leonard,C,Calf,2022
Damian Jones,C,Toe,2022
Admiral Schofield,SF,Ankle,2022
Admiral Schofield,SF,Concussion,2022
Jock Landale,C,Concussion,2022
Joe Wieskamp,SF,Hamstring,2022
Franz Wagner,SF,Ankle,2022
Greg Brown III,PF,Illness,2022
Daishen Nix,PG,Back,2022
Immanuel Quickley,PG,Knee,2022
Kemba Walker,PG,Knee,2022
Luke Kornet,C,Ankle,2022
Terance Mann,SG,Concussion,2022
Chimezie Metu,C,Ankle,2022
Oshae Brissett,SF,Hamstring,2022
DaQuan Jeffries,SG,Calf,2022
Bismack Biyombo,C,Knee,2022
Willy Hernangomez,C,Hamstring,2022
Jevon Carter,PG,Knee,2022
Jaden Hardy,SG,Back,2022
Eugene Omoruyi,SF,Ankle,2022
Eugene Omoruyi,SF,Back,2022
Jarrett Culver,SG,Illness,2022
Jarrett Culver,SG,Hip,2022
Ty Jerome,SG,Illness,2022
Ty Jerome,SG,Hip,2022
Trent Forrest,PG,Concussion,2022
Mamadi Diakite,PF,Undisclosed,2022
Sandro Mamukelashvili,C,Concussion,2022
Duane Washington Jr.,PG,Hip,2022
McKinley Wright IV,PG,Foot,2022
David Duke Jr.,SG,Illness,2022
Matt Ryan,SF,Illness,2022
Kawhi Leonard,SF,Knee,2021
Jamal Murray,PG,Knee,2021
Damian Lillard,PG,Abdominal,2021
Paul George,SG,Elbow,2021
Klay Thompson,SG,Illness,2021
Klay Thompson,SG,Knee,2021
Klay Thompson,SG,Achilles,2021
Jonathan Isaac,PF,Knee,2021
Anthony Davis,C,Ankle,2021
Anthony Davis,C,Knee,2021
Anthony Davis,C,Illness,2021
Joe Harris,SG,Ankle,2021
Bradley Beal,SG,Wrist,2021
Bradley Beal,SG,Hip,2021
Markelle Fultz,PG,Knee,2021
T.J. Warren,SF,Foot,2021
Kevin Durant,SF,Knee,2021
Kevin Durant,SF,Shoulder,2021
Brook Lopez,C,Back,2021
Gordon Hayward,SF,Ankle,2021
Gordon Hayward,SF,Foot,2021
Gordon Hayward,SF,Back,2021
Zion Williamson,PF,Foot,2021
Ricky Rubio,PG,Knee ACL,2021
LeBron James,PF,Ankle,2021
LeBron James,PF,Knee,2021
LeBron James,PF,Abdominal,2021
Draymond Green,PF,Back,2021
Draymond Green,PF,Calf,2021
Draymond Green,PF,Hip,2021
Draymond Green,PF,Thigh,2021
Kristaps Porzingis,PF,Knee,2021
Kristaps Porzingis,PF,Toe,2021
Kristaps Porzingis,PF,Ankle,2021
Kristaps Porzingis,PF,Back,2021
Derrick Rose,PG,Ankle,2021
James Wiseman,C,Knee,2021
Lonzo Ball,PG,Knee,2021
Tim Hardaway Jr.,SG,Foot,2021
Malcolm Brogdon,PG,Back,2021
Malcolm Brogdon,PG,Concussion,2021
Malcolm Brogdon,PG,Achilles,2021
Malcolm Brogdon,PG,Illness,2021
Malcolm Brogdon,PG,Hamstring,2021
Bam Adebayo,C,Thumb,2021
Bam Adebayo,C,Knee,2021
Myles Turner,C,Foot,2021
Myles Turner,C,Illness,2021
Ben Simmons,PG,Back,2021
Brandon Ingram,SF,Hamstring,2021
Brandon Ingram,SF,Ankle,2021
Brandon Ingram,SF,Achilles,2021
Brandon Ingram,SF,Hip,2021
Dario Saric,PF,Knee,2021
Stephen Curry,PG,Foot,2021
Stephen Curry,PG,Toe,2021
Stephen Curry,PG,Hand,2021
Stephen Curry,PG,Quad,2021
Stephen Curry,PG,Hip,2021
James Harden,SG,Knee,2021
James Harden,SG,Hamstring,2021
James Harden,SG,Hand,2021
Jerami Grant,PF,Calf,2021
Jerami Grant,PF,Knee,2021
Jerami Grant,PF,Thumb,2021
Jerami Grant,PF,Elbow,2021
C.J. McCollum,SG,Lung,2021
De'Aaron Fox,PG,Hand,2021
De'Aaron Fox,PG,Ankle,2021
Dillon Brooks,SF,Hip,2021
Dillon Brooks,SF,Ankle,2021
Dillon Brooks,SF,Hamstring,2021
Dillon Brooks,SF,Hand,2021
Eric Bledsoe,PG,Achilles,2021
John Collins,PF,Foot,2021
Patrick Williams,SF,Wrist,2021
OG Anunoby,SF,Quad,2021
OG Anunoby,SF,Finger,2021
OG Anunoby,SF,Hip,2021
Eric Gordon,SG,Groin,2021
Eric Gordon,SG,Knee,2021
Eric Gordon,SG,Hamstring,2021
Collin Sexton,PG,Knee,2021
Rudy Gobert,C,Leg,2021
Rudy Gobert,C,Foot,2021
Rudy Gobert,C,Calf,2021
Rudy Gobert,C,Shoulder,2021
Norman Powell,SG,Toe,2021
Norman Powell,SG,Quad,2021
Norman Powell,SG,Knee,2021
T.J. McConnell,PG,Wrist,2021
Joe Ingles,SF,Knee ACL,2021
Joe Ingles,SF,Ankle,2021
Joe Ingles,SF,Back,2021
Nerlens Noel,C,Foot,2021
Nerlens Noel,C,Knee,2021
Nerlens Noel,C,Back,2021
Jrue Holiday,PG,Ankle,2021
Jrue Holiday,PG,Heel,2021
Chris Paul,PG,Thumb,2021
Kendrick Nunn,PG,Knee,2021
Kendrick Nunn,PG,Ankle,2021
Jarrett Allen,C,Finger,2021
Jarrett Allen,C,Illness,2021
Kelly Olynyk,PF,Knee,2021
Giannis Antetokounmpo,PF,Knee,2021
Giannis Antetokounmpo,PF,Ankle,2021
Giannis Antetokounmpo,PF,Illness,2021
Giannis Antetokounmpo,PF,Calf,2021
Larry Nance Jr.,PF,Knee,2021
Michael Porter Jr.,SF,Back,2021
Jaylen Brown,SF,Knee,2021
Jaylen Brown,SF,Ankle,2021
Jaylen Brown,SF,Hamstring,2021
D'Angelo Russell,PG,Hamstring,2021
D'Angelo Russell,PG,Shin,2021
D'Angelo Russell,PG,Ankle,2021
Donovan Mitchell,SG,Illness,2021
Donovan Mitchell,SG,Calf,2021
Donovan Mitchell,SG,Concussion,2021
Donovan Mitchell,SG,Back,2021
Donovan Mitchell,SG,Ankle,2021
Thomas Bryant,C,Back,2021
Thomas Bryant,C,Ankle,2021
Thomas Bryant,C,Knee,2021
Bogdan Bogdanovic,SG,Knee,2021
Bogdan Bogdanovic,SG,Ankle,2021
Zach Collins,C,Ankle,2021
Pascal Siakam,PF,Shoulder,2021
Alex Caruso,SG,Back,2021
Alex Caruso,SG,Wrist,2021
Alex Caruso,SG,Foot,2021
Alex Caruso,SG,Hamstring,2021
Doug McDermott,SF,Ankle,2021
Doug McDermott,SF,Illness,2021
Doug McDermott,SF,Teeth,2021
Doug McDermott,SF,Knee,2021
Devin Booker,SG,Back,2021
Devin Booker,SG,Hamstring,2021
Caris LeVert,SG,Foot,2021
Caris LeVert,SG,Calf,2021
Caris LeVert,SG,Back,2021
Derrick Favors,C,Back,2021
Derrick Favors,C,Illness,2021
Bojan Bogdanovic,SF,Calf,2021
Bojan Bogdanovic,SF,Leg,2021
Bojan Bogdanovic,SF,Knee,2021
Bojan Bogdanovic,SF,Finger,2021
Davis Bertans,PF,Knee,2021
Davis Bertans,PF,Foot,2021
Davis Bertans,PF,Illness,2021
Davis Bertans,PF,Ankle,2021
Josh Hart,SG,Knee,2021
Josh Hart,SG,Ankle,2021
Josh Hart,SG,Quad,2021
Domantas Sabonis,PF,Knee,2021
Domantas Sabonis,PF,Ankle,2021
Domantas Sabonis,PF,Calf,2021
Patrick Beverley,PG,Ankle,2021
Patrick Beverley,PG,Ear,2021
Patrick Beverley,PG,Groin,2021
Patrick Beverley,PG,Adductor,2021
Patrick Beverley,PG,Calf,2021
Jusuf Nurkic,C,Foot,2021
Zach LaVine,SG,Knee,2021
Zach LaVine,SG,Back,2021
Lauri Markkanen,PF,Ankle,2021
De'Andre Hunter,SF,Knee,2021
De'Andre Hunter,SF,Wrist,2021
De'Andre Hunter,SF,Illness,2021
Fred VanVleet,PG,Knee,2021
Fred VanVleet,PG,Groin,2021
Marcus Morris Sr.,SF,Knee,2021
Khris Middleton,SF,Wrist,2021
Khris Middleton,SF,Knee,2021
Jalen Suggs,SG,Ankle,2021
Jalen Suggs,SG,Thumb,2021
Kira Lewis Jr.,PG,Knee ACL,2021
Ja Morant,PG,Knee,2021
Ja Morant,PG,Back,2021
Ja Morant,PG,Ankle,2021
Ja Morant,PG,Thigh,2021
Jimmy Butler,SF,Toe,2021
Jimmy Butler,SF,Illness,2021
Nikola Jokic,C,Illness,2021
Nikola Jokic,C,Toe,2021
Nikola Jokic,C,Wrist,2021
Onyeka Okongwu,C,Concussion,2021
Onyeka Okongwu,C,Shoulder,2021
Khem Birch,C,Knee,2021
Khem Birch,C,Nose,2021
Deandre Ayton,C,Ankle,2021
Deandre Ayton,C,Illness,2021
Deandre Ayton,C,Leg,2021
Michael Carter Williams,PG,Ankle,2021
Marvin Bagley III,PF,Hip,2021
Marvin Bagley III,PF,Ankle,2021
Marvin Bagley III,PF,Shoulder,2021
Marvin Bagley III,PF,Illness,2021
Cameron Payne,PG,Knee,2021
Cameron Payne,PG,Illness,2021
Cameron Payne,PG,Wrist,2021
Cameron Payne,PG,Hamstring,2021
Derrick Jones Jr.,SF,Knee,2021
Derrick Jones Jr.,SF,Hamstring,2021
Danilo Gallinari,PF,Knee,2021
Danilo Gallinari,PF,Elbow,2021
Danilo Gallinari,PF,Achilles,2021
Danilo Gallinari,PF,Hamstring,2021
Danilo Gallinari,PF,Ankle,2021
Danilo Gallinari,PF,Shoulder,2021
Talen Horton Tucker,SG,Ankle,2021
Talen Horton Tucker,SG,Thumb,2021
Andrew Wiggins,SF,Back,2021
Andrew Wiggins,SF,Illness,2021
Andrew Wiggins,SF,Knee,2021
Jeremy Lamb,SG,Hip,2021
Jeremy Lamb,SG,Ankle,2021
Jeremy Lamb,SG,Knee,2021
Jeremy Lamb,SG,Wrist,2021
Terence Davis,SG,Wrist,2021
Terence Davis,SG,Ankle,2021
Victor Oladipo,SG,Back,2021
Victor Oladipo,SG,Knee,2021
Gary Trent Jr.,SG,Toe,2021
Gary Trent Jr.,SG,Ankle,2021
Gary Trent Jr.,SG,Calf,2021
Christian Wood,C,Hamstring,2021
Christian Wood,C,Illness,2021
Christian Wood,C,Knee,2021
Gary Harris,SG,Back,2021
Gary Harris,SG,Hamstring,2021
Gary Harris,SG,Hand,2021
Gary Harris,SG,Ankle,2021
Kyle Kuzma,PF,Knee,2021
Kyle Kuzma,PF,Neck,2021
Russell Westbrook,PG,Shoulder,2021
Russell Westbrook,PG,Back,2021
Donte DiVincenzo,SG,Ankle,2021
Donte DiVincenzo,SG,Foot,2021
Rudy Gay,PF,Illness,2021
Rudy Gay,PF,Knee,2021
Rudy Gay,PF,Heel,2021
Maxi Kleber,PF,Ankle,2021
Maxi Kleber,PF,Knee,2021
Maxi Kleber,PF,Back,2021
E'Twaun Moore,SG,Knee,2021
Shai Gilgeous Alexander,PG,Ankle,2021
Shai Gilgeous Alexander,PG,Concussion,2021
Frank Kaminsky,C,Knee,2021
Josh Giddey,SG,Hip,2021
Josh Giddey,SG,Illness,2021
Tobias Harris,PF,Illness,2021
Tobias Harris,PF,Hip,2021
Wendell Carter Jr.,C,Wrist,2021
Wendell Carter Jr.,C,Ankle,2021
Wendell Carter Jr.,C,Illness,2021
Wendell Carter Jr.,C,Hamstring,2021
Wendell Carter Jr.,C,Leg,2021
Richaun Holmes,C,Back,2021
Richaun Holmes,C,Eye,2021
Julius Randle,PF,Quad,2021
Luka Doncic,PG,Ankle,2021
Luka Doncic,PG,Toe,2021
Serge Ibaka,C,Illness,2021
Serge Ibaka,C,Back,2021
Al Horford,C,Back,2021
Al Horford,C,Leg,2021
Danny Green,SF,Finger,2021
Danny Green,SF,Hip,2021
Danny Green,SF,Hamstring,2021
Aaron Gordon,PF,Hamstring,2021
Aaron Gordon,PF,Foot,2021
Cade Cunningham,PG,Hip,2021
Cade Cunningham,PG,Illness,2021
Cade Cunningham,PG,Abdominal,2021
Will Barton,SG,Knee,2021
Will Barton,SG,Ankle,2021
Will Barton,SG,Illness,2021
Will Barton,SG,Hamstring,2021
Will Barton,SG,Back,2021
Marcus Smart,PG,Ankle,2021
Marcus Smart,PG,Illness,2021
Marcus Smart,PG,Thigh,2021
Marcus Smart,PG,Hand,2021
Reggie Bullock,SF,Hip,2021
Reggie Bullock,SF,Knee,2021
Reggie Bullock,SF,Illness,2021
Cam Reddish,SF,Shoulder,2021
Cam Reddish,SF,Ankle,2021
Cam Reddish,SF,Wrist,2021
Dejounte Murray,PG,Illness,2021
Dejounte Murray,PG,Calf,2021
Dejounte Murray,PG,Knee,2021
Dejounte Murray,PG,Wrist,2021
Seth Curry,SG,Ankle,2021
Seth Curry,SG,Back,2021
Seth Curry,SG,Shoulder,2021
Seth Curry,SG,Foot,2021
Andre Iguodala,SF,Back,2021
Andre Iguodala,SF,Hip,2021
Andre Iguodala,SF,Knee,2021
Harrison Barnes,PF,Foot,2021
Jalen Green,SG,Hamstring,2021
Isaiah Jackson,PF,Concussion,2021
Isaiah Jackson,PF,Ankle,2021
Isaiah Jackson,PF,Knee,2021
Vlatko Cancar,PF,Foot,2021
Vlatko Cancar,PF,Illness,2021
Vlatko Cancar,PF,Hip,2021
George Hill,PG,Abdominal,2021
George Hill,PG,Neck,2021
George Hill,PG,Knee,2021
George Hill,PG,Back,2021
Mike Muscala,C,Ankle,2021
Markieff Morris,PF,Neck,2021
Clint Capela,C,Ankle,2021
Nassir Little,SF,Shoulder,2021
Nassir Little,SF,Illness,2021
Nassir Little,SF,Ankle,2021
Jason Preston,PG,Foot,2021
Romeo Langford,SG,Heel,2021
Romeo Langford,SG,Hamstring,2021
Romeo Langford,SG,Groin,2021
Romeo Langford,SG,Illness,2021
Romeo Langford,SG,Neck,2021
Romeo Langford,SG,Ankle,2021
Romeo Langford,SG,Calf,2021
Evan Mobley,PF,Ankle,2021
Evan Mobley,PF,Hip,2021
Evan Mobley,PF,Elbow,2021
Chris Duarte,SF,Toe,2021
Chris Duarte,SF,Foot,2021
Chris Duarte,SF,Shoulder,2021
Coby White,PG,Toe,2021
Coby White,PG,Adductor,2021
Coby White,PG,Ankle,2021
Josh Richardson,SG,Calf,2021
Josh Richardson,SG,Shoulder,2021
Josh Richardson,SG,Illness,2021
Josh Richardson,SG,Knee,2021
Josh Richardson,SG,Foot,2021
Josh Richardson,SG,Migraine,2021
Anfernee Simons,SG,Quad,2021
Anfernee Simons,SG,Ankle,2021
Anfernee Simons,SG,Illness,2021
Hamidou Diallo,SG,Finger,2021
Hamidou Diallo,SG,Illness,2021
Hamidou Diallo,SG,Face,2021
Dennis Schröder,PG,Shoulder,2021
Dennis Schröder,PG,Illness,2021
Dennis Schröder,PG,Ankle,2021
Pat Connaughton,SG,Finger,2021
Ziaire Williams,SF,Knee,2021
Ziaire Williams,SF,Ankle,2021
Ziaire Williams,SF,Wrist,2021
Kemba Walker,PG,Knee,2021
Isaac Okoro,SG,Elbow,2021
Isaac Okoro,SG,Hamstring,2021
Terry Rozier,PG,Ankle,2021
Trevor Ariza,SF,Ankle,2021
Joel Embiid,C,Knee,2021
Joel Embiid,C,Back,2021
Joel Embiid,C,Ribs,2021
Zeke Nnaji,PF,Knee,2021
Zeke Nnaji,PF,Hamstring,2021
Zeke Nnaji,PF,Ankle,2021
Bol Bol,PF,Foot,2021
R.J. Barrett,SG,Knee,2021
R.J. Barrett,SG,Ankle,2021
R.J. Barrett,SG,Illness,2021
Jonas Valanciunas,C,Ankle,2021
Jonas Valanciunas,C,Illness,2021
Robert Williams III,C,Knee,2021
Robert Williams III,C,Calf,2021
Robert Williams III,C,Toe,2021
Robert Williams III,C,Illness,2021
Usman Garuba,PF,Ankle,2021
Usman Garuba,PF,Wrist,2021
Usman Garuba,PF,Thigh,2021
Jae Crowder,SF,Ankle,2021
Jae Crowder,SF,Groin,2021
Jae Crowder,SF,Wrist,2021
P.J. Dozier,PG,Knee,2021
Jayson Tatum,PF,Knee,2021
Cameron Johnson,SF,Quad,2021
Cameron Johnson,SF,Ankle,2021
Mohamed Bamba,C,Toe,2021
Mohamed Bamba,C,Ankle,2021
Mohamed Bamba,C,Back,2021
Gorgui Dieng,C,Illness,2021
Abdel Nader,SF,Knee,2021
Darius Garland,PG,Back,2021
Darius Garland,PG,Ankle,2021
Justise Winslow,SF,Calf,2021
Justise Winslow,SF,Achilles,2021
Justise Winslow,SF,Illness,2021
Killian Hayes,PG,Head,2021
Killian Hayes,PG,Adductor,2021
Killian Hayes,PG,Hip,2021
Killian Hayes,PG,Thumb,2021
Ty Jerome,SG,Hip,2021
Danuel House Jr.,SF,Knee,2021
Danuel House Jr.,SF,Illness,2021
Danuel House Jr.,SF,Finger,2021
Danuel House Jr.,SF,Ankle,2021
Danuel House Jr.,SF,Foot,2021
P.J. Tucker,PF,Calf,2021
P.J. Tucker,PF,Knee,2021
Tyler Herro,SG,Knee,2021
Tyler Herro,SG,Quad,2021
Tyler Herro,SG,Soreness,2021
Tyler Herro,SG,Wrist,2021
JaMychal Green,PF,Wrist,2021
JaMychal Green,PF,Ankle,2021
JaMychal Green,PF,Elbow,2021
Frank Jackson,PG,Back,2021
Frank Jackson,PG,Ankle,2021
Sterling Brown,SG,Illness,2021
Sterling Brown,SG,Foot,2021
Sterling Brown,SG,Ankle,2021
Rajon Rondo,PG,Ankle,2021
Rajon Rondo,PG,Toe,2021
Rajon Rondo,PG,Hamstring,2021
Rajon Rondo,PG,Illness,2021
Luguentz Dort,SG,Shoulder,2021
Luguentz Dort,SG,Face,2021
Luguentz Dort,SG,Knee,2021
Luguentz Dort,SG,Ankle,2021
Kenrich Williams,PF,Knee,2021
Kenrich Williams,PF,Ankle,2021
Nicolas Claxton,C,Hamstring,2021
Nicolas Claxton,C,Wrist,2021
Nicolas Claxton,C,Illness,2021
Malik Beasley,SG,Ankle,2021
Malik Beasley,SG,Illness,2021
Didi Louzada,SF,Knee,2021
Cole Anthony,PG,Toe,2021
Cole Anthony,PG,Ankle,2021
LaMarcus Aldridge,PF,Hip,2021
LaMarcus Aldridge,PF,Ankle,2021
LaMarcus Aldridge,PF,Foot,2021
Devonte' Graham,PG,Knee,2021
Devonte' Graham,PG,Hip,2021
Devonte' Graham,PG,Ankle,2021
Devonte' Graham,PG,Foot,2021
Cody Zeller,C,Knee,2021
Cody Zeller,C,Quad,2021
PJ Washington,PF,Illness,2021
PJ Washington,PF,Elbow,2021
PJ Washington,PF,Knee,2021
Maurice Harkless,SF,Ankle,2021
Maurice Harkless,SF,Knee,2021
Maurice Harkless,SF,Hip,2021
Solomon Hill,SF,Hamstring,2021
Keon Johnson,SG,Ankle,2021
Keon Johnson,SG,Illness,2021
Jeremiah Robinson Earl,PF,Foot,2021
Louis Williams,SG,Back,2021
Louis Williams,SG,Hip,2021
Louis Williams,SG,Hamstring,2021
Louis Williams,SG,Ankle,2021
Jakob Poeltl,C,Back,2021
Jakob Poeltl,C,Concussion,2021
Luke Kennard,SG,Hamstring,2021
Luke Kennard,SG,Ankle,2021
Luke Kennard,SG,Hip,2021
Kyle Anderson,PF,Back,2021
Lonnie Walker IV,SG,Back,2021
Lonnie Walker IV,SG,Illness,2021
Lonnie Walker IV,SG,Knee,2021
Cedi Osman,SF,Back,2021
Royce O'Neale,SF,Thumb,2021
Royce O'Neale,SF,Knee,2021
Royce O'Neale,SF,Foot,2021
Goga Bitadze,C,Foot,2021
Goga Bitadze,C,Illness,2021
Karl Anthony Towns,C,Tailbone,2021
Landry Shamet,SG,Ankle,2021
Landry Shamet,SG,Foot,2021
Josh Okogie,SG,Quad,2021
Josh Okogie,SG,Back,2021
Carmelo Anthony,PF,Illness,2021
Carmelo Anthony,PF,Hamstring,2021
Carmelo Anthony,PF,Back,2021
Grayson Allen,SG,Hip,2021
Grayson Allen,SG,Illness,2021
Monte Morris,PG,Elbow,2021
Monte Morris,PG,Concussion,2021
Monte Morris,PG,Knee,2021
Scottie Barnes,PF,Wrist,2021
Scottie Barnes,PF,Knee,2021
Scottie Barnes,PF,Thumb,2021
KZ Okpala,SF,Wrist,2021
KZ Okpala,SF,Ankle,2021
Shake Milton,SG,Back,2021
Shake Milton,SG,Groin,2021
Shake Milton,SG,Ankle,2021
Spencer Dinwiddie,PG,Knee,2021
Steven Adams,C,Ankle,2021
Steven Adams,C,Calf,2021
Mike Conley,PG,Knee,2021
James Bouknight,SG,Neck,2021
James Bouknight,SG,Wrist,2021
Jaren Jackson Jr.,PF,Thigh,2021
Jaren Jackson Jr.,PF,Leg,2021
Jaren Jackson Jr.,PF,Knee,2021
Anthony Edwards,SG,Knee,2021
Brandon Clarke,PF,Thigh,2021
Brandon Clarke,PF,Hip,2021
Brandon Clarke,PF,Back,2021
Brandon Clarke,PF,Knee,2021
Dewayne Dedmon,C,Ankle,2021
Dewayne Dedmon,C,Back,2021
Dewayne Dedmon,C,Knee,2021
Kyle Lowry,PG,Soreness,2021
Kyle Lowry,PG,Ankle,2021
RJ Hampton,PG,Knee,2021
Jalen McDaniels,SF,Ankle,2021
Yuta Watanabe,SF,Quad,2021
Yuta Watanabe,SF,Calf,2021
Kevin Porter Jr.,PG,Ankle,2021
Kevin Porter Jr.,PG,Illness,2021
Kevin Porter Jr.,PG,Thigh,2021
Jordan Clarkson,SG,Knee,2021
Jordan Clarkson,SG,Back,2021
Furkan Korkmaz,SG,Knee,2021
Furkan Korkmaz,SG,Illness,2021
Furkan Korkmaz,SG,Wrist,2021
Cory Joseph,PG,Back,2021
Cory Joseph,PG,Knee,2021
Frank Ntilikina,PG,Illness,2021
Frank Ntilikina,PG,Ankle,2021
Frank Ntilikina,PG,Thigh,2021
Frank Ntilikina,PG,Calf,2021
Mason Plumlee,C,Calf,2021
Dean Wade,PF,Knee,2021
Dean Wade,PF,Calf,2021
Dean Wade,PF,Ankle,2021
Aaron Nesmith,SF,Ankle,2021
Quentin Grimes,SG,Knee,2021
Jonathan Kuminga,PF,Knee,2021
Josh Jackson,SG,Illness,2021
Josh Jackson,SG,Back,2021
Evan Fournier,SG,Thigh,2021
Evan Fournier,SG,Ankle,2021
Devin Vassell,SG,Achilles,2021
Devin Vassell,SG,Back,2021
Devin Vassell,SG,Quad,2021
Nicolas Batum,SF,Ankle,2021
Nicolas Batum,SF,Back,2021
Nicolas Batum,SF,Achilles,2021
Sam Merrill,SG,Ankle,2021
Semi Ojeleye,PF,Calf,2021
Taj Gibson,C,Illness,2021
Taj Gibson,C,Groin,2021
Wayne Ellington,SG,Illness,2021
Wayne Ellington,SG,Hamstring,2021
Avery Bradley,PG,Knee,2021
Avery Bradley,PG,Hand,2021
Terrence Ross,SF,Knee,2021
Terrence Ross,SF,Back,2021
Alperen Sengun,C,Leg,2021
Alperen Sengun,C,Ankle,2021
Alperen Sengun,C,Illness,2021
Killian Tillie,PF,Knee,2021
Killian Tillie,PF,Thigh,2021
Killian Tillie,PF,Back,2021
Tyus Jones,PG,Hand,2021
Tyus Jones,PG,Finger,2021
Udoka Azubuike,C,Ankle,2021
Kelly Oubre Jr.,SF,Ankle,2021
Otto Porter Jr.,SF,Illness,2021
Otto Porter Jr.,SF,Back,2021
Otto Porter Jr.,SF,Foot,2021
Malachi Flynn,PG,Hamstring,2021
Jaden Springer,PG,Groin,2021
Jaden Springer,PG,Knee,2021
Jaden Springer,PG,Concussion,2021
Trae Young,PG,Quad,2021
Trae Young,PG,Shoulder,2021
Trae Young,PG,Back,2021
Isaiah Livers,SF,Concussion,2021
Isaiah Livers,SF,Foot,2021
Trey Burke,PG,Shoulder,2021
Jaden McDaniels,PF,Ankle,2021
Jaden McDaniels,PF,Illness,2021
James Johnson,PF,Illness,2021
James Johnson,PF,Wrist,2021
James Johnson,PF,Shoulder,2021
James Johnson,PF,Knee,2021
Vernon Carey Jr.,C,Calf,2021
Vernon Carey Jr.,C,Hip,2021
De'Anthony Melton,SG,Groin,2021
Hassan Whiteside,C,Foot,2021
Hassan Whiteside,C,Illness,2021
Hassan Whiteside,C,Back,2021
Hassan Whiteside,C,Concussion,2021
Hassan Whiteside,C,Glute,2021
Tre Mann,PG,Hamstring,2021
Tre Mann,PG,Ankle,2021
DeMar DeRozan,SF,Adductor,2021
Moritz Wagner,C,Ribs,2021
Moritz Wagner,C,Knee,2021
Moritz Wagner,C,Ankle,2021
Willie Cauley Stein,C,Illness,2021
Tristan Thompson,C,Illness,2021
Tristan Thompson,C,Quad,2021
Nikola Vucevic,C,Hamstring,2021
Obi Toppin,PF,Hamstring,2021
Santi Aldama,C,Illness,2021
Santi Aldama,C,Foot,2021
Santi Aldama,C,Calf,2021
Ivica Zubac,C,Calf,2021
JaVale McGee,C,Illness,2021
JaVale McGee,C,Knee,2021
Isaiah Hartenstein,C,Ankle,2021
Keita Bates Diop,SF,Back,2021
Keita Bates Diop,SF,Face,2021
Keita Bates Diop,SF,Hamstring,2021
Keita Bates Diop,SF,Ankle,2021
Gary Payton II,PG,Knee,2021
Gary Payton II,PG,Back,2021
Gary Payton II,PG,Hernia,2021
Bobby Portis,PF,Shoulder,2021
Bobby Portis,PF,Hamstring,2021
Precious Achiuwa,PF,Shoulder,2021
Cody Martin,SF,Ankle,2021
Cody Martin,SF,Illness,2021
Chuma Okeke,PF,Knee,2021
Chuma Okeke,PF,Hip,2021
Javonte Green,SG,Foot,2021
Javonte Green,SG,Adductor,2021
Dwight Howard,C,Back,2021
Dwight Howard,C,Neck,2021
Bruce Brown Jr.,SG,Illness,2021
Bruce Brown Jr.,SG,Hamstring,2021
Nemanja Bjelica,PF,Undisclosed,2021
Nemanja Bjelica,PF,Quad,2021
Nemanja Bjelica,PF,Back,2021
Davion Mitchell,PG,Hand,2021
Jalen Smith,PF,Groin,2021
Jalen Smith,PF,Illness,2021
Darius Bazley,PF,Knee,2021
Matisse Thybulle,SG,Shoulder,2021
Alex Len,C,Back,2021
Daniel Theis,C,Toe,2021
Marquese Chriss,SF,Illness,2021
Marquese Chriss,SF,Knee,2021
Mitchell Robinson,C,Illness,2021
Mitchell Robinson,C,Back,2021
Mitchell Robinson,C,Ankle,2021
Mitchell Robinson,C,Concussion,2021
Mitchell Robinson,C,Hip Flexor,2021
Jalen Johnson,SF,Concussion,2021
Jalen Johnson,SF,Ankle,2021
Franz Wagner,SF,Ankle,2021
Gabriel Deck,F,Heel,2021
Udonis Haslem,PF,Eye,2021
Lamar Stevens,SF,Knee,2021
Lamar Stevens,SF,Ankle,2021
Tony Snell,SG,Foot,2021
DeAndre' Bembry,SF,Knee ACL,2021
DeAndre' Bembry,SF,Thumb,2021
DeAndre' Bembry,SF,Back,2021
Jarred Vanderbilt,PF,Quad,2021
Jarred Vanderbilt,PF,Illness,2021
D.J. Augustin,PG,Illness,2021
Rodney Hood,SF,Ankle,2021
Rodney Hood,SF,Achilles,2021
Rodney Hood,SF,Hamstring,2021
Rodney Hood,SF,Foot,2021
Robert Covington,PF,Knee,2021
Anthony Gill,PF,Calf,2021
Dennis Smith Jr.,PG,Elbow,2021
Dennis Smith Jr.,PG,Ankle,2021
Dennis Smith Jr.,PG,Knee,2021
Tyrese Maxey,PG,Quad,2021
Tyrese Maxey,PG,Illness,2021
Isaiah Roby,PF,Back,2021
Isaiah Roby,PF,Ankle,2021
Xavier Tillman,C,Leg,2021
Vit Krejci,PG,Ankle,2021
Austin Rivers,SG,Illness,2021
Austin Rivers,SG,Hip,2021
Leandro Bolmaro,SG,Ankle,2021
Chris Boucher,PF,Back,2021
Kelan Martin,SF,Hamstring,2021
Dylan Windler,SF,Knee,2021
Dylan Windler,SF,Calf,2021
Dylan Windler,SF,Hip,2021
Elijah Hughes,SF,Thumb,2021
Elijah Hughes,SF,Adductor,2021
Elijah Hughes,SF,Illness,2021
Garrett Temple,SG,Ankle,2021
Miye Oni,SG,Ankle,2021
Miye Oni,SG,Illness,2021
Torrey Craig,SF,Groin,2021
Torrey Craig,SF,Illness,2021
Jarrett Culver,SG,Knee,2021
Nah'Shon Hyland,PG,Knee,2021
Nah'Shon Hyland,PG,Illness,2021
Nah'Shon Hyland,PG,Ankle,2021
Max Strus,SG,Quad,2021
Max Strus,SG,Knee,2021
Bruno Fernando,C,Back,2021
Andre Drummond,C,Illness,2021
Andre Drummond,C,Knee,2021
Andre Drummond,C,Ankle,2021
Robert Woodard II,SG,Illness,2021
Robert Woodard II,SG,Ankle,2021
Tre Jones,PG,Knee,2021
Tre Jones,PG,Mouth,2021
Austin Reaves,SG,Hamstring,2021
Isaiah Stewart,C,Ankle,2021
Tyrese Haliburton,PG,Back,2021
Naz Reid,C,Back,2021
Naz Reid,C,Foot,2021
Aaron Holiday,PG,Ankle,2021
Aaron Holiday,PG,Illness,2021
Joshua Primo,SG,Illness,2021
Joshua Primo,SG,Wrist,2021
Facundo Campazzo,PG,Illness,2021
Damion Lee,SG,Hip,2021
Damion Lee,SG,Shoulder,2021
Gabe Vincent,PG,Toe,2021
Daniel Gafford,C,Neck,2021
Daniel Gafford,C,Thumb,2021
Daniel Gafford,C,Quad,2021
Thaddeus Young,PF,Illness,2021
Day'Ron Sharpe,C,Illness,2021
Day'Ron Sharpe,C,Toe,2021
Oshae Brissett,SF,Back,2021
Oshae Brissett,SF,Ankle,2021
Herb Jones,SF,Leg,2021
Herb Jones,SF,Concussion,2021
Jaylen Nowell,SG,Ankle,2021
Jaylen Nowell,SG,Back,2021
Desmond Bane,SG,Ankle,2021
Desmond Bane,SG,Quad,2021
Brandon Boston Jr,SG,Illness,2021
Justin Holiday,SG,Illness,2021
Dorian Finney Smith,PF,Arm,2021
Dorian Finney Smith,PF,Illness,2021
Wesley Matthews,SG,Hamstring,2021
Wesley Matthews,SG,Toe,2021
Wesley Matthews,SG,Knee,2021
Jock Landale,C,Foot,2021
Jock Landale,C,Concussion,2021
Jock Landale,C,Back,2021
Keldon Johnson,SG,Knee,2021
Keldon Johnson,SG,Back,2021
Keldon Johnson,SG,Ankle,2021
CJ Elleby,SF,Hamstring,2021
CJ Elleby,SF,Ankle,2021
Jared Butler,PG,Ankle,2021
Jared Butler,PG,Knee,2021
Lance Stephenson,SG,Ankle,2021
Matt Thomas,SG,Leg,2021
Luka Garza,C,Ankle,2021
Jalen Brunson,PG,Foot,2021
Jeff Green,PF,Quad,2021
Kevin Huerter,SG,Shoulder,2021
Norvel Pelle,PF,Illness,2021
Devontae Cacok,C,Heel,2021
Devontae Cacok,C,Undisclosed,2021
Rodney McGruder,SG,Hip,2021
Rodney McGruder,SG,Hamstring,2021
Nick Richards,C,Foot,2021
Greg Brown III,PF,Eye,2021
Greg Brown III,PF,Illness,2021
Greg Brown III,PF,Ankle,2021
Moses Moody,SG,Shoulder,2021
Chimezie Metu,C,Ankle,2021
Drew Eubanks,C,Wrist,2021
Drew Eubanks,C,Illness,2021
Georges Niang,PF,Knee,2021
John Konchar,SG,Ankle,2021
Caleb Martin,SF,Calf,2021
Caleb Martin,SF,Knee,2021
Caleb Martin,SF,Achilles,2021
Aleksej Pokusevski,PF,Illness,2021
Jae’Sean Tate,SF,Ankle,2021
Aaron Wiggins,SG,Illness,2021
Aaron Wiggins,SG,Ankle,2021
Kris Dunn,PG,Ankle,2021
Trendon Watford,PF,Knee,2021
Juan Toscano Anderson,SF,Ankle,2021
Rui Hachimura,PF,Ankle,2021
Isaiah Joe,SG,Back,2021
Isaiah Todd,PF,Toe,2021
Jabari Parker,PF,Illness,2021
Jordan McLaughlin,PG,Groin,2021
Malik Monk,SG,Groin,2021
Terance Mann,SG,Ankle,2021
Boban Marjanovic,C,Back,2021
Nik Stauskas,SG,Ankle,2021
Armoni Brooks,SG,Ankle,2021
Omer Yurtseven,C,Illness,2021
Paul Millsap,PF,Illness,2021
Goran Dragic,PG,Knee,2021
Raul Neto,PG,Shoulder,2021
Cameron Thomas,SG,Back,2021
Ryan Arcidiacono,PG,Ankle,2021
Miles McBride,PG,Knee,2021
Ayo Dosunmu,PG,Concussion,2021
Joe Wieskamp,SF,Illness,2021
Thanasis Antetokounmpo,SF,Calf,2021
Luca Vildoza,PG,Foot,2021
DeMarcus Cousins,C,Foot,2021
DJ Wilson,PF,Knee,2021
Chandler Hutchison,SF,Knee,2021
Chandler Hutchison,SF,Illness,2021
Theo Pinson,SG,Finger,2021
Admiral Schofield,SF,Knee,2021
Tyler Cook,PF,Ankle,2021
Daulton Hommes,G,Leg,2021
Tyrell Terry,PG,Foot,2021
Skylar Mays,SG,Illness,2021
Cassius Winston,PG,Hamstring,2021
Jay Scrubb,SG,Toe,2021
Grant Riller,PG,Shoulder,2021
Grant Riller,PG,Knee,2021
Markus Howard,PG,Illness,2021
Markus Howard,PG,Knee,2021
Trent Forrest,PG,Concussion,2021
Trent Forrest,PG,Wrist,2021
Trent Forrest,PG,Ankle,2021
Trent Forrest,PG,Illness,2021
Malik Fitts,PF,Wrist,2021
Malik Fitts,PF,Shoulder,2021
Brodric Thomas,G,Back,2021
Brodric Thomas,G,Shoulder,2021
David Johnson,PG,Calf,2021
David Johnson,PG,Illness,2021
Sandro Mamukelashvili,C,Illness,2021
Duane Washington Jr.,PG,Hip,2021
Terry Taylor,SF,Illness,2021
McKinley Wright IV,PG,Elbow,2021
David Duke Jr.,SG,Ankle,2021
David Duke Jr.,SG,Hip Flexor,2021
Aaron Henry,SF,Illness,2021
Yves Pons,G,Thigh,2021
Yves Pons,G,Ankle,2021
Eugene Omoruyi,SF,Foot,2021
Chris Smith,SF,Knee,2021
Jamorko Pickett,SF,Toe,2021
Marcus Garrett,PG,Wrist,2021
Klay Thompson,SG,Achilles,2020
Kevin Love,C,Calf,2020
Kevin Love,C,Heel,2020
Otto Porter Jr.,SF,Foot,2020
Otto Porter Jr.,SF,Back,2020
Anthony Davis,C,Thigh,2020
Anthony Davis,C,Calf,2020
Anthony Davis,C,Achilles,2020
Anthony Davis,C,Quad,2020
LeBron James,PF,Ankle,2020
John Wall,PG,Hamstring,2020
John Wall,PG,Achilles,2020
John Wall,PG,Knee,2020
Kevin Durant,SF,Thigh,2020
Kevin Durant,SF,Hamstring,2020
Kevin Durant,SF,Achilles,2020
James Harden,SG,Hamstring,2020
James Harden,SG,Neck,2020
James Harden,SG,Thigh,2020
James Harden,SG,Ankle,2020
D'Angelo Russell,PG,Leg,2020
D'Angelo Russell,PG,Quad,2020
C.J. McCollum,SG,Foot,2020
T.J. Warren,SF,Foot,2020
Spencer Dinwiddie,PG,Knee ACL,2020
Markelle Fultz,PG,Knee ACL,2020
Gordon Hayward,SF,Foot,2020
Gordon Hayward,SF,Hand,2020
Gordon Hayward,SF,Back,2020
Gordon Hayward,SF,Hip,2020
Kemba Walker,PG,Back,2020
Kemba Walker,PG,Oblique,2020
Kemba Walker,PG,Knee,2020
Kemba Walker,PG,Illness,2020
Kristaps Porzingis,PF,Knee,2020
Kristaps Porzingis,PF,Ankle,2020
Kristaps Porzingis,PF,Wrist,2020
Kristaps Porzingis,PF,Back,2020
Eric Gordon,SG,Groin,2020
Eric Gordon,SG,Knee,2020
Eric Gordon,SG,Leg,2020
Karl Anthony Towns,C,Wrist,2020
Joel Embiid,C,Knee,2020
Joel Embiid,C,Shoulder,2020
Joel Embiid,C,Back,2020
Gary Harris,SG,Groin,2020
Gary Harris,SG,Thigh,2020
Dante Exum,PG,Calf,2020
Dante Exum,PG,Hip,2020
Victor Oladipo,SG,Knee,2020
Victor Oladipo,SG,Quad,2020
Victor Oladipo,SG,Foot,2020
Jamal Murray,PG,Knee ACL,2020
Jamal Murray,PG,Knee,2020
Justise Winslow,SF,Thigh,2020
Justise Winslow,SF,Hip,2020
Thomas Bryant,C,Knee ACL,2020
Mike Conley,PG,Hamstring,2020
Kawhi Leonard,SF,Foot,2020
Kawhi Leonard,SF,Back,2020
Kawhi Leonard,SF,Leg,2020
Kawhi Leonard,SF,Face,2020
Bogdan Bogdanovic,SG,Hamstring,2020
Bogdan Bogdanovic,SG,Knee,2020
Jusuf Nurkic,C,Knee,2020
Jusuf Nurkic,C,Calf,2020
Jusuf Nurkic,C,Wrist,2020
Caris LeVert,SG,Knee,2020
Caris LeVert,SG,Kidney,2020
Paul George,SG,Foot,2020
Paul George,SG,Illness,2020
Paul George,SG,Ankle,2020
Jonathan Isaac,PF,Knee ACL,2020
Jaren Jackson Jr.,PF,Knee,2020
LaMarcus Aldridge,PF,Illness,2020
LaMarcus Aldridge,PF,Hip,2020
LaMarcus Aldridge,PF,Knee,2020
Christian Wood,C,Ankle,2020
Christian Wood,C,Illness,2020
Christian Wood,C,Knee,2020
Patrick Beverley,PG,Hand,2020
Patrick Beverley,PG,Knee,2020
Danilo Gallinari,PF,Back,2020
Danilo Gallinari,PF,Foot,2020
Danilo Gallinari,PF,Ankle,2020
Danilo Gallinari,PF,Achilles,2020
Myles Turner,C,Toe,2020
Myles Turner,C,Ankle,2020
Myles Turner,C,Hand,2020
Aaron Gordon,PF,Calf,2020
Aaron Gordon,PF,Ankle,2020
Aaron Gordon,PF,Hip,2020
Aaron Gordon,PF,Hamstring,2020
Zach Collins,C,Ankle,2020
Cody Zeller,C,Shoulder,2020
Cody Zeller,C,Hip,2020
Cody Zeller,C,Hand,2020
Stephen Curry,PG,Tailbone,2020
Stephen Curry,PG,Illness,2020
Jeremy Lamb,SG,Knee,2020
Jeremy Lamb,SG,Toe,2020
Jeremy Lamb,SG,Knee ACL,2020
Steven Adams,C,Toe,2020
Steven Adams,C,Ankle,2020
Steven Adams,C,Calf,2020
De'Andre Hunter,SF,Knee,2020
Ben Simmons,PG,Back,2020
Ben Simmons,PG,Illness,2020
Ben Simmons,PG,Knee,2020
Ben Simmons,PG,Calf,2020
Evan Fournier,SG,Knee,2020
Evan Fournier,SG,Groin,2020
Evan Fournier,SG,Back,2020
Kyle Lowry,PG,Back,2020
Kyle Lowry,PG,Foot,2020
Kyle Lowry,PG,Ankle,2020
Larry Nance Jr.,PF,Illness,2020
Larry Nance Jr.,PF,Finger,2020
Larry Nance Jr.,PF,Wrist,2020
Meyers Leonard,C,Shoulder,2020
Jerami Grant,PF,Knee,2020
Jerami Grant,PF,Quad,2020
Taurean Prince,PF,Ankle,2020
Taurean Prince,PF,Shoulder,2020
Terrence Ross,SF,Back,2020
Terrence Ross,SF,Knee,2020
Terrence Ross,SF,Hamstring,2020
Russell Westbrook,PG,Quad,2020
Marcus Smart,PG,Calf,2020
Marcus Smart,PG,Illness,2020
Marcus Smart,PG,Thumb,2020
Goran Dragic,PG,Back,2020
Goran Dragic,PG,Ankle,2020
Goran Dragic,PG,Groin,2020
Kris Dunn,PG,Ankle,2020
Malik Beasley,SG,Hamstring,2020
Serge Ibaka,C,Back,2020
Serge Ibaka,C,Illness,2020
George Hill,PG,Thumb,2020
George Hill,PG,Neck,2020
Jaylen Brown,SF,Wrist,2020
Jaylen Brown,SF,Ankle,2020
Jaylen Brown,SF,Shoulder,2020
Jaylen Brown,SF,Illness,2020
Jaylen Brown,SF,Hip,2020
Jaylen Brown,SF,Knee,2020
J.J. Redick,SG,Heel,2020
J.J. Redick,SG,Foot,2020
J.J. Redick,SG,Hamstring,2020
Tony Snell,SG,Achilles,2020
Tony Snell,SG,Ankle,2020
Tony Snell,SG,Foot,2020
Malcolm Brogdon,PG,Hamstring,2020
Malcolm Brogdon,PG,Hip,2020
Malcolm Brogdon,PG,Back,2020
Malcolm Brogdon,PG,Knee,2020
Giannis Antetokounmpo,PF,Ankle,2020
Giannis Antetokounmpo,PF,Knee,2020
Giannis Antetokounmpo,PF,Back,2020
Draymond Green,PF,Finger,2020
Draymond Green,PF,Illness,2020
Draymond Green,PF,Ankle,2020
Draymond Green,PF,Foot,2020
Harrison Barnes,PF,Thigh,2020
Harrison Barnes,PF,Hip,2020
Harrison Barnes,PF,Foot,2020
Al Farouq Aminu,PF,Knee,2020
Kelly Oubre Jr.,SF,Wrist,2020
James Wiseman,C,Knee,2020
James Wiseman,C,Wrist,2020
Killian Hayes,PG,Illness,2020
Killian Hayes,PG,Hip,2020
Brandon Ingram,SF,Ankle,2020
Brandon Ingram,SF,Foot,2020
Bradley Beal,SG,Hamstring,2020
Bradley Beal,SG,Hip,2020
Bradley Beal,SG,Knee,2020
Marvin Bagley III,PF,Groin,2020
Marvin Bagley III,PF,Hand,2020
Marvin Bagley III,PF,Calf,2020
Kyrie Irving,PG,Face,2020
Kyrie Irving,PG,Groin,2020
Kyrie Irving,PG,Shoulder,2020
Kyrie Irving,PG,Back,2020
Kyrie Irving,PG,Finger,2020
Marcus Morris Sr.,SF,Calf,2020
Marcus Morris Sr.,SF,Concussion,2020
Marcus Morris Sr.,SF,Illness,2020
Marcus Morris Sr.,SF,Knee,2020
Cam Reddish,SF,Achilles,2020
Cam Reddish,SF,Knee,2020
Nikola Vucevic,C,Groin,2020
Rajon Rondo,PG,Wrist,2020
Rajon Rondo,PG,Groin,2020
Rajon Rondo,PG,Back,2020
Rajon Rondo,PG,Ankle,2020
Rajon Rondo,PG,Knee,2020
Rajon Rondo,PG,Illness,2020
Romeo Langford,SG,Concussion,2020
Romeo Langford,SG,Wrist,2020
Lonzo Ball,PG,Thumb,2020
Lonzo Ball,PG,Toe,2020
Lonzo Ball,PG,Hip,2020
Lonzo Ball,PG,Knee,2020
Domantas Sabonis,PF,Quad,2020
Domantas Sabonis,PF,Back,2020
Domantas Sabonis,PF,Ankle,2020
Jarrett Culver,SG,Ankle,2020
Jarrett Culver,SG,Toe,2020
Dennis Smith Jr.,PG,Knee,2020
Dennis Smith Jr.,PG,Back,2020
Dennis Smith Jr.,PG,Quad,2020
Fred VanVleet,PG,Hip Flexor,2020
Fred VanVleet,PG,Hip,2020
Avery Bradley,PG,Illness,2020
Avery Bradley,PG,Calf,2020
Avery Bradley,PG,Knee,2020
Clint Capela,C,Achilles,2020
Clint Capela,C,Foot,2020
Clint Capela,C,Hand,2020
Lauri Markkanen,PF,Illness,2020
Lauri Markkanen,PF,Shoulder,2020
Lauri Markkanen,PF,Calf,2020
Maxi Kleber,PF,Achilles,2020
Maxi Kleber,PF,Back,2020
Maxi Kleber,PF,Leg,2020
Maxi Kleber,PF,Ankle,2020
Will Barton,SG,Hamstring,2020
LaMelo Ball,PG,Wrist,2020
Rodney McGruder,SG,Elbow,2020
Patrick McCaw,SG,Knee,2020
Ishmael Smith,PG,Quad,2020
Pascal Siakam,PF,Shoulder,2020
Pascal Siakam,PF,Knee,2020
Shai Gilgeous Alexander,PG,Shoulder,2020
Shai Gilgeous Alexander,PG,Quad,2020
Shai Gilgeous Alexander,PG,Knee,2020
Rodney Hood,SF,Finger,2020
Rodney Hood,SF,Knee,2020
Rodney Hood,SF,Hip,2020
Rodney Hood,SF,Foot,2020
Rodney Hood,SF,Quad,2020
Devin Booker,SG,Hamstring,2020
Matthew Dellavedova,PG,Neck,2020
Matthew Dellavedova,PG,Abdominal,2020
Matthew Dellavedova,PG,Concussion,2020
Trey Lyles,PF,Ankle,2020
Jared Dudley,SF,Knee,2020
Jared Dudley,SF,Calf,2020
Davis Bertans,PF,Calf,2020
Davis Bertans,PF,Knee,2020
Michael Carter Williams,PG,Ankle,2020
Michael Carter Williams,PG,Illness,2020
Michael Carter Williams,PG,Foot,2020
Norman Powell,SG,Knee,2020
Norman Powell,SG,Quad,2020
Darius Garland,PG,Ankle,2020
Darius Garland,PG,Groin,2020
Darius Garland,PG,Shoulder,2020
Tobias Harris,PF,Knee,2020
Paul Millsap,PF,Knee,2020
Khris Middleton,SF,Ankle,2020
Khris Middleton,SF,Knee,2020
Khris Middleton,SF,Hip,2020
De'Anthony Melton,SG,Leg,2020
De'Anthony Melton,SG,Shoulder,2020
Zion Williamson,PF,Finger,2020
Zion Williamson,PF,Toe,2020
Andre Iguodala,SF,Hip,2020
Andre Iguodala,SF,Neck,2020
P.J. Tucker,PF,Ankle,2020
P.J. Tucker,PF,Calf,2020
P.J. Tucker,PF,Thigh,2020
P.J. Tucker,PF,Groin,2020
Mike Scott,PF,Hip,2020
Mike Scott,PF,Knee,2020
Tomas Satoransky,SG,Ankle,2020
Tomas Satoransky,SG,Back,2020
Seth Curry,SG,Hip,2020
Seth Curry,SG,Hip Flexor,2020
Seth Curry,SG,Ankle,2020
Wendell Carter Jr.,C,Eye,2020
Wendell Carter Jr.,C,Ankle,2020
Wendell Carter Jr.,C,Thigh,2020
James Ennis III,SF,Calf,2020
James Ennis III,SF,Groin,2020
Cory Joseph,PG,Ankle,2020
Cory Joseph,PG,Illness,2020
Dario Saric,PF,Ankle,2020
Dario Saric,PF,Quad,2020
JaMychal Green,PF,Shoulder,2020
JaMychal Green,PF,Calf,2020
Danuel House Jr.,SF,Ankle,2020
Danuel House Jr.,SF,Knee,2020
Danuel House Jr.,SF,Back,2020
Derrick White,PG,Ankle,2020
Derrick White,PG,Toe,2020
Jae Crowder,SF,Ankle,2020
Jae Crowder,SF,Foot,2020
Blake Griffin,C,Knee,2020
Blake Griffin,C,Concussion,2020
James Johnson,PF,Groin,2020
James Johnson,PF,Knee,2020
Lamar Stevens,SF,Concussion,2020
Lamar Stevens,SF,Abdominal,2020
Jayson Tatum,PF,Ankle,2020
Jayson Tatum,PF,Illness,2020
Onyeka Okongwu,C,Thigh,2020
Onyeka Okongwu,C,Achilles,2020
Onyeka Okongwu,C,Toe,2020
Cole Anthony,PG,Ribs,2020
Cole Anthony,PG,Shoulder,2020
Donovan Mitchell,SG,Ankle,2020
Donovan Mitchell,SG,Concussion,2020
Malik Monk,SG,Ankle,2020
Malik Monk,SG,Foot,2020
Ja Morant,PG,Back,2020
Ja Morant,PG,Ankle,2020
Alec Burks,SG,Knee,2020
Alec Burks,SG,Ankle,2020
D.J. Augustin,PG,Ankle,2020
D.J. Augustin,PG,Illness,2020
D.J. Augustin,PG,Calf,2020
Dylan Windler,SF,Knee,2020
Dylan Windler,SF,Hand,2020
Marquese Chriss,SF,Leg,2020
Udoka Azubuike,C,Ankle,2020
Andre Drummond,C,Toe,2020
Andre Drummond,C,Back,2020
Andre Drummond,C,Achilles,2020
Delon Wright,PG,Groin,2020
Damian Lillard,PG,Hamstring,2020
Damian Lillard,PG,Abdominal,2020
Josh Hart,SG,Thumb,2020
Darius Miller,SF,Groin,2020
Darius Miller,SF,Illness,2020
Darius Miller,SF,Achilles,2020
Chuma Okeke,PF,Ankle,2020
Chuma Okeke,PF,Hip,2020
Chuma Okeke,PF,Knee,2020
Jonas Valanciunas,C,Back,2020
Jonas Valanciunas,C,Concussion,2020
Frank Ntilikina,PG,Knee,2020
Joe Ingles,SF,Knee,2020
Joe Ingles,SF,Achilles,2020
David Nwaba,SG,Wrist,2020
David Nwaba,SG,Ankle,2020
Abdel Nader,SF,Knee,2020
Abdel Nader,SF,Ankle,2020
Abdel Nader,SF,Concussion,2020
Mitchell Robinson,C,Foot,2020
Mitchell Robinson,C,Hand,2020
Jahlil Okafor,C,Knee,2020
Jahlil Okafor,C,Ankle,2020
Mohamed Bamba,C,Illness,2020
Mohamed Bamba,C,Hip,2020
Mohamed Bamba,C,Toe,2020
OG Anunoby,SF,Calf,2020
Tyler Herro,SG,Foot,2020
Tyler Herro,SG,Hip,2020
Tyler Herro,SG,Neck,2020
Dillon Brooks,SF,Knee,2020
Dillon Brooks,SF,Thigh,2020
Mike Muscala,C,Ankle,2020
Mike Muscala,C,Concussion,2020
Ty Jerome,SG,Calf,2020
Ty Jerome,SG,Ankle,2020
Goga Bitadze,C,Ankle,2020
Tyrese Haliburton,PG,Knee,2020
Tyrese Haliburton,PG,Calf,2020
Tyrese Haliburton,PG,Wrist,2020
Collin Sexton,PG,Concussion,2020
Collin Sexton,PG,Groin,2020
Collin Sexton,PG,Hamstring,2020
Collin Sexton,PG,Ankle,2020
Garrett Temple,SG,Hamstring,2020
Garrett Temple,SG,Ankle,2020
Deni Avdija,SF,Ankle,2020
Trae Young,PG,Ankle,2020
Trae Young,PG,Calf,2020
Trae Young,PG,Knee,2020
Trae Young,PG,Back,2020
Chris Boucher,PF,Knee,2020
Richaun Holmes,C,Knee,2020
Richaun Holmes,C,Hamstring,2020
Richaun Holmes,C,Ankle,2020
Kentavious Caldwell Pope,SG,Ankle,2020
Thaddeus Young,PF,Leg,2020
Josh Jackson,SG,Teeth,2020
Josh Jackson,SG,Illness,2020
Josh Jackson,SG,Ankle,2020
Luka Doncic,PG,Elbow,2020
Luka Doncic,PG,Back,2020
Luka Doncic,PG,Quad,2020
Rui Hachimura,PF,Illness,2020
Rui Hachimura,PF,Knee,2020
Rui Hachimura,PF,Shoulder,2020
Rui Hachimura,PF,Eye,2020
Nickeil Alexander Walker,SG,Ankle,2020
Maurice Harkless,SF,Illness,2020
Maurice Harkless,SF,Thigh,2020
Maurice Harkless,SF,Forearm,2020
Jrue Holiday,PG,Knee,2020
Rudy Gay,PF,Heel,2020
Rudy Gay,PF,Back,2020
Rudy Gay,PF,Foot,2020
Rudy Gay,PF,Hip,2020
Nicolas Claxton,C,Knee,2020
Terry Rozier,PG,Knee,2020
Terry Rozier,PG,Ankle,2020
Derrick Jones Jr.,SF,Quad,2020
Derrick Jones Jr.,SF,Foot,2020
Derrick Rose,PG,Ankle,2020
Derrick Rose,PG,Knee,2020
Jordan Clarkson,SG,Ankle,2020
Kevon Looney,C,Ankle,2020
Jontay Porter,PF,Knee,2020
Doug McDermott,SF,Ankle,2020
Doug McDermott,SF,Knee,2020
Troy Brown Jr.,SG,Ankle,2020
Obi Toppin,PF,Calf,2020
Chris Paul,PG,Hamstring,2020
Nassir Little,SF,Back,2020
Nassir Little,SF,Thumb,2020
Nassir Little,SF,Illness,2020
Nassir Little,SF,Knee,2020
Joe Harris,SG,Hip,2020
John Collins,PF,Ankle,2020
Timothe Luwawu Cabarrot,SG,Knee,2020
Timothe Luwawu Cabarrot,SG,Hip,2020
Zach LaVine,SG,Knee,2020
Zach LaVine,SG,Ankle,2020
Monte Morris,PG,Hamstring,2020
Monte Morris,PG,Quad,2020
Monte Morris,PG,Shoulder,2020
Danny Green,SF,Hip,2020
Elfrid Payton,PG,Hamstring,2020
Josh Richardson,SG,Hamstring,2020
Josh Richardson,SG,Calf,2020
P.J. Dozier,PG,Thigh,2020
P.J. Dozier,PG,Hamstring,2020
DaQuan Jeffries,SG,Ankle,2020
DaQuan Jeffries,SG,Back,2020
Alen Smailagic,PF,Knee,2020
Eric Paschall,PF,Hip,2020
Eric Paschall,PF,Wrist,2020
Eric Paschall,PF,Illness,2020
Eric Paschall,PF,Knee,2020
Wayne Ellington,SG,Calf,2020
Wayne Ellington,SG,Back,2020
Wayne Ellington,SG,Groin,2020
Cameron Payne,PG,Knee,2020
Cameron Payne,PG,Ankle,2020
Alex Caruso,SG,Foot,2020
Alex Caruso,SG,Back,2020
Alex Caruso,SG,Head,2020
Alex Caruso,SG,Neck,2020
Alex Caruso,SG,Hand,2020
Jarrett Allen,C,Concussion,2020
Nerlens Noel,C,Ankle,2020
Nerlens Noel,C,Shoulder,2020
Nerlens Noel,C,Knee,2020
Nerlens Noel,C,Groin,2020
Darius Bazley,PF,Shoulder,2020
Grayson Allen,SG,Abdominal,2020
Grayson Allen,SG,Hand,2020
Grayson Allen,SG,Concussion,2020
Grayson Allen,SG,Ankle,2020
Bam Adebayo,C,Knee,2020
Sterling Brown,SG,Knee,2020
Sterling Brown,SG,Leg,2020
Derrick Favors,C,Knee,2020
Derrick Favors,C,Back,2020
Isaac Okoro,SG,Foot,2020
Reggie Bullock,SF,Ankle,2020
Reggie Bullock,SF,Neck,2020
Reggie Bullock,SF,Hip,2020
Cedi Osman,SF,Ankle,2020
Cedi Osman,SF,Back,2020
Robert Covington,PF,Concussion,2020
Rodions Kurucs,SF,Biceps,2020
Rodions Kurucs,SF,Abdominal,2020
Rodions Kurucs,SF,Oblique,2020
Rodions Kurucs,SF,Ankle,2020
Furkan Korkmaz,SG,Ankle,2020
Furkan Korkmaz,SG,Groin,2020
Devonte' Graham,PG,Knee,2020
Devonte' Graham,PG,Quad,2020
Devonte' Graham,PG,Groin,2020
Andrew Wiggins,SF,Knee,2020
Sekou Doumbouya,SF,Neck,2020
Sekou Doumbouya,SF,Migraine,2020
Sekou Doumbouya,SF,Concussion,2020
Robert Woodard II,SG,Back,2020
Robert Woodard II,SG,Hamstring,2020
Dejounte Murray,PG,Back,2020
Dejounte Murray,PG,Knee,2020
Dejounte Murray,PG,Foot,2020
Tim Hardaway Jr.,SG,Ankle,2020
Tim Hardaway Jr.,SG,Groin,2020
Robert Williams III,C,Toe,2020
Robert Williams III,C,Knee,2020
Robert Williams III,C,Illness,2020
Robert Williams III,C,Hip,2020
Louis Williams,SG,Illness,2020
Louis Williams,SG,Hip,2020
Hassan Whiteside,C,Back,2020
Hassan Whiteside,C,Knee,2020
Hassan Whiteside,C,Hip,2020
DeMar DeRozan,SF,Quad,2020
Lonnie Walker IV,SG,Wrist,2020
Lonnie Walker IV,SG,Illness,2020
Hamidou Diallo,SG,Knee,2020
Hamidou Diallo,SG,Groin,2020
Chris Silva,F,Hip Flexor,2020
Austin Rivers,SG,Illness,2020
Austin Rivers,SG,Achilles,2020
Austin Rivers,SG,Groin,2020
Ricky Rubio,PG,Back,2020
Jalen Smith,PF,Ankle,2020
Harry Giles,C,Calf,2020
Tyler Johnson,SG,Knee,2020
Tyler Johnson,SG,Migraine,2020
Tyler Johnson,SG,Thigh,2020
Jaylen Nowell,SG,Leg,2020
Jaylen Nowell,SG,Ankle,2020
Luguentz Dort,SG,Knee,2020
Luguentz Dort,SG,Hip,2020
Luguentz Dort,SG,Shoulder,2020
Luguentz Dort,SG,Concussion,2020
Luguentz Dort,SG,Toe,2020
Buddy Hield,SG,Illness,2020
Kyle Anderson,PF,Thumb,2020
Kyle Anderson,PF,Illness,2020
Aleksej Pokusevski,PF,Leg,2020
Aleksej Pokusevski,PF,Arm,2020
Aleksej Pokusevski,PF,Concussion,2020
Brandon Clarke,PF,Thigh,2020
Brandon Clarke,PF,Hip,2020
Brandon Clarke,PF,Calf,2020
Daniel Theis,C,Hip,2020
Daniel Theis,C,Finger,2020
Cameron Johnson,SF,Wrist,2020
Deandre Ayton,C,Knee,2020
Mason Plumlee,C,Concussion,2020
Mason Plumlee,C,Elbow,2020
Juwan Morgan,SF,Heel,2020
Juwan Morgan,SF,Calf,2020
Juwan Morgan,SF,Illness,2020
Jabari Parker,PF,Back,2020
Chris Clemons,PG,Achilles,2020
Julius Randle,PF,Thigh,2020
Paul Watson,SG,Knee,2020
Tristan Thompson,C,Pectoral,2020
Tristan Thompson,C,Chest,2020
PJ Washington,PF,Ankle,2020
PJ Washington,PF,Foot,2020
Jeff Green,PF,Shoulder,2020
Aron Baynes,C,Foot,2020
Wenyen Gabriel,PF,Knee,2020
JaKarr Sampson,SF,Concussion,2020
JaKarr Sampson,SF,Back,2020
JaKarr Sampson,SF,Knee,2020
Eric Bledsoe,PG,Eye,2020
Immanuel Quickley,PG,Ankle,2020
Immanuel Quickley,PG,Hip,2020
Wesley Matthews,SG,Achilles,2020
Wesley Matthews,SG,Neck,2020
Josh Okogie,SG,Hamstring,2020
Omari Spellman,PF,Knee,2020
Gary Trent Jr.,SG,Leg,2020
Gary Trent Jr.,SG,Ankle,2020
Gary Trent Jr.,SG,Calf,2020
Zeke Nnaji,PF,Ankle,2020
Zeke Nnaji,PF,Illness,2020
Donte DiVincenzo,SG,Achilles,2020
Donte DiVincenzo,SG,Toe,2020
Donte DiVincenzo,SG,Hip,2020
Donte DiVincenzo,SG,Foot,2020
Edmond Sumner,SG,Knee,2020
Edmond Sumner,SG,Illness,2020
Cristiano Felicio,PF,Illness,2020
Damyean Dotson,SG,Knee,2020
Jordan Nwora,SF,Ankle,2020
Landry Shamet,SG,Knee,2020
Landry Shamet,SG,Ankle,2020
Elijah Hughes,SF,Illness,2020
Elijah Hughes,SF,Ankle,2020
Torrey Craig,SF,Nose,2020
Patrick Williams,SF,Hip,2020
Luka Samanic,PF,Hand,2020
Luka Samanic,PF,Illness,2020
Isaiah Hartenstein,C,Head,2020
Isaiah Hartenstein,C,Concussion,2020
Jahmi'us Ramsey,SG,Hamstring,2020
Jahmi'us Ramsey,SG,Groin,2020
Raul Neto,PG,Hamstring,2020
Raul Neto,PG,Ribs,2020
Raul Neto,PG,Groin,2020
Kevin Porter Jr.,PG,Ankle,2020
Kevin Porter Jr.,PG,Quad,2020
Brook Lopez,C,Back,2020
Taj Gibson,C,Ankle,2020
Pat Connaughton,SG,Groin,2020
Payton Pritchard,PG,Knee,2020
Kelly Olynyk,PF,Ankle,2020
Isaiah Roby,PF,Toe,2020
Isaiah Roby,PF,Concussion,2020
Isaiah Roby,PF,Foot,2020
John Konchar,SG,Ankle,2020
Coby White,PG,Neck,2020
Dwight Powell,C,Illness,2020
Kyle Kuzma,PF,Thumb,2020
Kyle Kuzma,PF,Calf,2020
Kyle Kuzma,PF,Heel,2020
Luke Kennard,SG,Knee,2020
Semi Ojeleye,PF,Oblique,2020
John Henson,PF,Calf,2020
DeAndre Jordan,C,Illness,2020
Cody Martin,SF,Ankle,2020
Iman Shumpert,SG,Hamstring,2020
Kira Lewis Jr.,PG,Calf,2020
Trey Burke,PG,Calf,2020
Trey Burke,PG,Illness,2020
Shake Milton,SG,Ankle,2020
Daniel Gafford,C,Ankle,2020
Jalen Lecque,PG,Ankle,2020
Matisse Thybulle,SG,Hand,2020
De'Aaron Fox,PG,Knee,2020
Carmelo Anthony,PF,Ankle,2020
Carmelo Anthony,PF,Illness,2020
Nicolas Batum,SF,Concussion,2020
Nicolas Batum,SF,Groin,2020
Frank Kaminsky,C,Illness,2020
Robin Lopez,C,Ankle,2020
Xavier Tillman,C,Knee,2020
Aaron Holiday,PG,Toe,2020
Javonte Green,SG,Illness,2020
Kendrick Nunn,PG,Elbow,2020
Kendrick Nunn,PG,Ankle,2020
Dwight Howard,C,Knee,2020
Facundo Campazzo,PG,Knee,2020
Khem Birch,C,Illness,2020
Juancho Hernangomez,PF,Quad,2020
Anfernee Simons,SG,Illness,2020
Anfernee Simons,SG,Hamstring,2020
Jeff Teague,PG,Abdominal,2020
Jeff Teague,PG,Ankle,2020
Kevin Huerter,SG,Ankle,2020
Kevin Huerter,SG,Shoulder,2020
Gorgui Dieng,C,Shoulder,2020
Jaxson Hayes,C,Wrist,2020
Glenn Robinson III,SF,Knee,2020
DeMarcus Cousins,C,Foot,2020
DeMarcus Cousins,C,Ankle,2020
Markieff Morris,PF,Ankle,2020
JaVale McGee,C,Knee,2020
Bruce Brown Jr.,SG,Knee,2020
Yuta Watanabe,SF,Ankle,2020
CJ Elleby,SF,Illness,2020
CJ Elleby,SF,Foot,2020
Theo Maledon,PG,Foot,2020
Theo Maledon,PG,Ankle,2020
Dorian Finney Smith,PF,Leg,2020
Bobby Portis,PF,Illness,2020
Nemanja Bjelica,PF,Illness,2020
Aaron Nesmith,SF,Back,2020
Ben McLemore,SF,Ankle,2020
Dewayne Dedmon,C,Knee,2020
DeAndre' Bembry,SF,Hamstring,2020
Marc Gasol,C,Hamstring,2020
Brandon Goodwin,PG,Illness,2020
Wesley Iwundu,SF,Shoulder,2020
Bryn Forbes,SG,Toe,2020
Reggie Jackson,PG,Achilles,2020
Talen Horton Tucker,SG,Calf,2020
Naz Reid,C,Wrist,2020
Jordan Poole,SG,Ankle,2020
Sam Merrill,SG,Ankle,2020
Tony Bradley,C,Ankle,2020
Damion Lee,SG,Toe,2020
Chimezie Metu,C,Back,2020
Chimezie Metu,C,Wrist,2020
Drew Eubanks,C,Migraine,2020
Anthony Gill,PF,Stomach,2020
Ersan Ilyasova,PF,Hamstring,2020
Nick Richards,C,Ankle,2020
Justin James,SG,Ankle,2020
Deividas Sirvydis,SF,Leg,2020
Khyri Thomas,SG,Achilles,2020
Axel Toupane,SG,Oblique,2020
Greg Whittington,SF,Knee,2020
Chasson Randle,PG,Groin,2020
Frank Jackson,PG,Ankle,2020
Frank Jackson,PG,Illness,2020
Frank Mason III,PG,Groin,2020
Keita Bates Diop,SF,Hamstring,2020
Keita Bates Diop,SF,Illness,2020
Kostas Antetokounmpo,PF,Knee,2020
Jordan McLaughlin,PG,Illness,2020
Chris Chiozza,PG,Hand,2020
Gabe Vincent,PG,Knee,2020
Quinndary Weatherspoon,SG,Knee,2020
Jarrell Brantley,PF,Undisclosed,2020
Brian Bowen II,SG,Groin,2020
Brian Bowen II,SG,Ankle,2020
Adam Mokoka,SG,Concussion,2020
Tacko Fall,C,Ankle,2020
Tacko Fall,C,Eye,2020
Juan Toscano Anderson,SF,Concussion,2020
Juan Toscano Anderson,SF,Achilles,2020
Saben Lee,PG,Undisclosed,2020
Jay Scrubb,SG,Foot,2020
Grant Riller,PG,Knee,2020
Reggie Perry,C,Groin,2020
Jalen Harris,PG,Foot,2020
Jalen Harris,PG,Hip,2020
Naji Marshall,SF,Ankle,2020
Josh Hall,SF,Knee,2020
Josh Hall,SF,Concussion,2020
Sean McDermott,SF,Foot,2020
Sean McDermott,SF,Shoulder,2020
Brodric Thomas,G,Ankle,2020
